2008,4,1,1,29,1,1,A13,1,5,1,28,2,1
2008,4,1,2,29,1,1,A16,1,6,1,33,2,1
2008,4,1,3,29,1,2,B4,10,2,1,52,1,1
2008,4,1,4,29,1,2,B17,6,6,2,38,2,1
2008,4,1,5,29,1,2,B8,4,3,2,52,1,1
2008,4,1,6,29,1,3,C56,6,1,2,57,1,4
2008,4,1,7,29,1,3,C57,5,1,2,33,2,4
2008,4,1,8,29,1,4,P67,9,5,1,38,1,4
2008,4,1,9,29,1,4,P82,6,4,2,48,1,5
2008,4,1,1,29,2,2,B31,9,5,1,57,1,2
2008,4,1,2,29,2,2,B21,12,1,1,67,1,2
2008,4,1,3,29,2,2,B24,11,2,1,57,1,2
2008,4,1,4,29,2,2,B27,2,3,1,57,1,2
2008,4,1,5,29,2,1,A10,3,4,1,38,2,1
2008,4,1,6,29,2,1,A10,3,4,1,38,2,1
2008,4,1,7,29,2,2,B27,2,3,1,57,1,2
2008,4,1,8,29,2,4,P1,3,1,1,38,1,1
2008,4,1,9,29,2,4,P34,9,6,2,48,1,2
2008,4,1,10,29,2,4,P33,9,5,1,43,1,2
2008,4,1,1,21,3,2,B17,6,6,2,38,2,1
2008,4,1,2,21,3,3,C4,4,2,1,48,1,1
2008,4,1,3,21,3,3,C7,13,3,1,48,1,1
2008,4,1,4,21,3,3,C10,9,4,2,28,2,1
2008,4,1,5,21,3,3,C17,14,6,1,48,1,1
2008,4,1,6,21,3,4,P77,7,2,1,43,1,5
2008,4,1,1,21,4,1,A34,2,6,1,38,2,2
2008,4,1,2,21,4,1,A37,2,1,1,62,1,3
2008,4,1,3,21,4,3,C4,4,2,1,48,1,1
2008,4,1,4,21,4,3,C25,2,3,1,33,2,2
2008,4,1,1,9,5,3,C21,14,1,1,57,1,2
2008,4,1,1,9,6,3,C7,13,3,1,48,1,1
2008,4,1,2,9,6,3,C15,6,5,1,33,2,1
2008,4,1,3,9,6,3,C53,14,6,1,38,2,3
2008,4,1,4,9,6,2,B17,6,6,2,38,2,1
2008,4,1,5,9,6,2,B26,13,3,1,57,1,2
2008,4,1,1,29,7,1,A11,3,4,1,62,1,1
2008,4,1,2,29,7,3,C5,11,2,1,48,1,1
2008,4,1,3,29,7,4,P60,14,2,1,28,2,4
2008,4,1,4,29,7,4,P56,2,1,1,33,2,4
2008,4,1,5,29,7,4,P55,14,1,2,33,2,4
2008,4,1,6,29,7,4,P48,9,4,2,33,2,3
2008,4,1,7,29,7,4,P50,6,5,2,33,2,3
2008,4,1,8,29,7,4,P42,6,2,2,28,2,3
2008,4,1,9,29,7,4,P23,6,2,2,28,2,2
2008,4,1,10,29,7,4,P1,3,1,1,38,1,1
2008,4,1,11,29,7,2,B4,10,2,1,52,1,1
2008,4,1,1,9,8,3,C49,4,5,2,26,2,3
2008,4,1,2,9,8,2,B23,7,2,1,38,2,2
2008,4,1,3,9,8,3,C5,11,2,1,48,1,1
2008,4,1,4,9,8,3,C19,12,1,1,48,1,2
2008,4,1,5,9,8,3,C34,7,6,1,48,1,2
2008,4,1,6,9,8,3,C40,14,2,2,28,2,3
2008,4,1,7,9,8,3,C50,9,5,2,20,2,3
2008,4,1,8,9,8,3,C42,7,2,1,28,2,3
2008,4,1,9,9,8,2,B24,11,2,1,57,1,2
2008,4,1,1,29,9,1,A18,4,6,1,38,2,1
2008,4,1,2,29,9,1,A1,8,1,1,28,2,1
2008,4,1,3,29,9,2,B26,13,3,1,57,1,2
2008,4,1,1,16,10,1,A1,8,1,1,28,2,1
2008,4,1,2,16,10,2,B1,4,1,1,57,1,1
2008,4,1,3,16,10,2,B4,10,2,1,52,1,1
2008,4,1,4,16,10,2,B16,12,6,1,52,1,1
2008,4,1,5,16,10,2,B17,6,6,2,38,2,1
2008,4,1,1,9,11,1,A3,3,1,1,72,1,1
2008,4,1,1,29,12,2,B4,10,2,1,52,1,1
2008,4,1,2,29,12,2,B3,12,1,1,52,1,1
2008,4,1,3,29,12,2,B3,12,1,1,52,1,1
2008,4,1,4,29,12,2,B30,9,4,1,57,1,2
2008,4,1,5,29,12,2,B27,2,3,1,57,1,2
2008,4,1,6,29,12,3,C17,14,6,1,48,1,1
2008,4,1,7,29,12,4,P16,7,6,1,33,2,1
2008,4,1,1,38,13,1,A1,8,1,1,28,2,1
2008,4,1,2,38,13,1,A2,3,1,1,43,2,1
2008,4,1,3,38,13,1,A5,3,2,1,43,2,1
2008,4,1,1,9,14,1,A41,4,2,1,43,2,3
2008,4,1,1,21,15,1,A1,8,1,1,28,2,1
2008,4,1,2,21,15,1,A2,3,1,1,43,2,1
2008,4,1,3,21,15,1,A5,3,2,1,43,2,1
2008,4,1,4,21,15,2,B1,4,1,1,57,1,1
2008,4,1,5,21,15,2,B2,3,1,2,57,1,1
2008,4,1,6,21,15,2,B3,12,1,1,52,1,1
2008,4,1,7,21,15,2,B13,12,5,2,62,1,1
2008,4,1,8,21,15,2,B15,9,5,1,38,2,1
2008,4,1,9,21,15,2,B16,12,6,1,52,1,1
2008,4,1,10,21,15,2,B17,6,6,2,38,2,1
2008,4,1,11,21,15,2,B9,1,3,1,48,2,1
2008,4,1,12,21,15,2,B20,8,1,1,43,2,2
2008,4,1,13,21,15,2,B21,12,1,1,67,1,2
2008,4,1,14,21,15,2,B23,7,2,1,38,2,2
2008,4,1,15,21,15,2,B25,6,3,1,38,2,2
2008,4,1,16,21,15,2,B26,13,3,1,57,1,2
2008,4,1,17,21,15,2,B33,6,5,2,33,2,2
2008,4,1,18,21,15,2,B34,2,6,1,48,2,2
2008,4,1,19,21,15,3,C2,12,1,1,43,1,1
2008,4,1,20,21,15,3,C5,11,2,1,48,1,1
2008,4,1,21,21,15,3,C33,14,5,1,48,1,2
2008,4,1,22,21,15,3,C35,9,6,1,50,1,2
2008,4,1,23,21,15,3,C55,13,1,1,48,1,4
2008,4,1,24,21,15,3,C56,6,1,2,57,1,4
2008,4,1,25,21,15,3,C59,5,2,2,52,1,4
2008,4,1,1,29,16,4,P61,1,3,2,28,2,4
2008,4,1,2,29,16,4,P62,12,3,2,33,2,4
2008,4,1,1,9,17,3,C7,13,3,1,48,1,1
2008,4,1,2,9,17,3,C57,5,1,2,33,2,4
2008,4,1,3,9,17,1,A6,3,2,1,43,2,1
2008,4,1,4,9,17,3,C47,13,4,2,18,2,3
2008,4,1,5,9,17,2,B26,13,3,1,57,1,2
2008,4,1,6,9,17,2,B33,6,5,2,33,2,2
2008,4,1,7,9,17,2,B32,6,5,1,38,2,2
2008,4,1,1,9,18,1,A17,2,6,1,62,1,1
2008,4,1,2,9,18,1,A17,2,6,1,62,1,1
2008,4,1,3,9,18,1,A2,3,1,1,43,2,1
2008,4,1,4,9,18,1,A1,8,1,1,28,2,1
2008,4,1,5,9,18,1,A7,3,3,1,43,2,1
2008,4,1,6,9,18,1,A8,3,3,1,62,1,1
2008,4,1,7,9,18,1,A9,3,3,1,82,1,1
2008,4,1,8,9,18,1,A20,2,1,2,38,2,2
2008,4,1,9,9,18,1,A34,2,6,1,38,2,2
2008,4,1,10,9,18,1,A32,2,5,1,38,2,2
2008,4,1,11,9,18,3,C7,13,3,1,48,1,1
2008,4,1,1,29,19,1,A10,3,4,1,38,2,1
2008,4,1,2,29,19,3,C11,7,4,1,33,2,1
2008,4,1,3,29,19,3,C5,11,2,1,48,1,1
2008,4,1,4,29,19,3,C22,11,2,2,43,1,2
2008,4,1,5,29,19,4,P12,4,4,1,33,2,1
2008,4,1,1,29,20,1,A4,3,2,2,38,2,1
2008,4,1,2,29,20,1,A23,6,2,2,33,2,2
2008,4,1,3,29,20,4,P1,3,1,1,38,1,1
2008,4,1,1,29,21,4,P12,4,4,1,33,2,1
2008,4,1,2,29,21,2,B12,2,4,1,38,2,1
2008,4,1,3,29,21,2,B10,2,4,1,67,1,1
2008,4,1,4,29,21,2,B15,9,5,1,38,2,1
2008,4,1,5,29,21,3,C14,9,5,1,23,2,1
2008,4,1,6,29,21,3,C5,11,2,1,48,1,1
2008,4,1,7,29,21,4,P1,3,1,1,38,1,1
2008,4,1,1,9,22,1,A12,2,4,1,38,2,1
2008,4,1,2,9,22,1,A10,3,4,1,38,2,1
2008,4,1,3,9,22,1,A31,6,5,2,62,1,2
2008,4,1,4,9,22,1,A20,2,1,2,38,2,2
2008,4,1,1,29,23,1,A15,14,5,2,33,2,1
2008,4,1,2,29,23,2,B27,2,3,1,57,1,2
2008,4,1,3,29,23,4,P56,2,1,1,33,2,4
2008,4,1,1,29,24,2,B1,4,1,1,57,1,1
2008,4,1,2,29,24,2,B7,6,3,1,38,2,1
2008,4,1,3,29,24,2,B4,10,2,1,52,1,1
2008,4,1,4,29,24,2,B32,6,5,1,38,2,2
2008,4,1,5,29,24,3,C15,6,5,1,33,2,1
2008,4,1,6,29,24,4,P1,3,1,1,38,1,1
2008,4,1,1,9,25,2,B17,6,6,2,38,2,1
2008,4,1,2,9,25,3,C7,13,3,1,48,1,1
2008,4,1,1,29,26,1,A11,3,4,1,62,1,1
2008,4,1,2,29,26,1,A10,3,4,1,38,2,1
2008,4,1,1,9,27,2,B2,3,1,2,57,1,1
2008,4,1,2,9,27,1,A4,3,2,2,38,2,1
2008,4,1,3,9,27,3,C2,12,1,1,43,1,1
2008,4,1,4,9,27,3,C8,2,3,2,48,1,1
2008,4,1,5,9,27,3,C18,9,6,1,48,1,1
2008,4,1,1,29,28,1,A6,3,2,1,43,2,1
2008,4,1,2,29,28,1,A15,14,5,2,33,2,1
2008,4,1,3,29,28,1,A10,3,4,1,38,2,1
2008,4,1,4,29,28,3,C7,13,3,1,48,1,1
2008,4,1,5,29,28,4,P2,3,1,1,28,2,1
2008,4,1,6,29,28,4,P10,4,4,2,65,1,1
2008,4,1,1,29,29,1,A11,3,4,1,62,1,1
2008,4,1,2,29,29,1,A1,8,1,1,28,2,1
2008,4,1,3,29,29,1,A7,3,3,1,43,2,1
2008,4,1,1,29,30,2,B7,6,3,1,38,2,1
2008,4,1,2,29,30,2,B9,1,3,1,48,2,1
2008,4,1,3,29,30,3,C26,14,3,1,28,2,2
2008,4,1,4,29,30,3,C19,12,1,1,48,1,2
2008,4,1,5,29,30,3,C31,12,5,1,33,2,2
2008,4,1,6,29,30,3,C53,14,6,1,38,2,3
2008,4,1,7,29,30,1,A15,14,5,2,33,2,1
2008,4,1,8,29,30,1,A5,3,2,1,43,2,1
2008,4,1,9,29,30,1,A17,2,6,1,62,1,1
2008,4,1,10,29,30,1,A35,14,6,2,33,2,2
2008,4,1,11,29,30,1,A36,1,6,1,33,2,2
2008,4,1,1,29,31,1,A16,1,6,1,33,2,1
2008,4,1,2,29,31,2,B4,10,2,1,52,1,1
2008,4,1,3,29,31,2,B15,9,5,1,38,2,1
2008,4,1,4,29,31,3,C5,11,2,1,48,1,1
2008,4,1,5,29,31,3,C17,14,6,1,48,1,1
2008,4,1,6,29,31,3,C17,14,6,1,48,1,1
2008,4,1,7,29,31,1,A16,1,6,1,33,2,1
2008,4,1,8,29,31,2,B4,10,2,1,52,1,1
2008,4,1,9,29,31,2,B34,2,6,1,48,2,2
2008,4,1,10,29,31,3,C56,6,1,2,57,1,4
2008,4,1,11,29,31,3,C49,4,5,2,26,2,3
2008,4,1,12,29,31,3,C46,2,4,1,48,1,3
2008,4,1,1,29,32,1,A2,3,1,1,43,2,1
2008,4,1,2,29,32,1,A12,2,4,1,38,2,1
2008,4,1,3,29,32,4,P29,5,4,2,33,2,2
2008,4,1,1,29,33,1,A17,2,6,1,62,1,1
2008,4,1,2,29,33,1,A7,3,3,1,43,2,1
2008,4,1,3,29,33,1,A2,3,1,1,43,2,1
2008,4,1,4,29,33,1,A3,3,1,1,72,1,1
2008,4,1,5,29,33,4,P1,3,1,1,38,1,1
2008,4,1,6,29,33,4,P2,3,1,1,28,2,1
2008,4,1,7,29,33,1,A21,1,1,1,62,1,2
2008,4,1,8,29,33,1,A41,4,2,1,43,2,3
2008,4,1,9,29,33,4,P12,4,4,1,33,2,1
2008,4,1,10,29,33,4,P63,14,3,2,28,2,4
2008,4,1,11,29,33,4,P48,9,4,2,33,2,3
2008,4,1,12,29,33,4,P30,4,4,1,33,2,2
2008,4,1,13,29,33,4,P32,3,5,2,43,1,2
2008,4,1,14,29,33,4,P66,9,4,2,43,1,4
2008,4,1,15,29,33,4,P57,4,1,1,43,1,4
2008,4,1,16,29,33,4,P12,4,4,1,33,2,1
2008,4,1,17,29,33,2,B3,12,1,1,52,1,1
2008,4,1,18,29,33,4,P50,6,5,2,33,2,3
2008,4,1,19,29,33,4,P43,7,3,2,38,1,3
2008,4,1,20,29,33,4,P12,4,4,1,33,2,1
2008,4,1,21,29,33,4,P4,4,2,1,38,1,1
2008,4,1,1,24,34,3,C17,14,6,1,48,1,1
2008,4,1,2,24,34,2,B1,4,1,1,57,1,1
2008,4,1,1,24,35,2,B4,10,2,1,52,1,1
2008,4,1,2,24,35,1,A28,1,4,2,43,2,2
2008,4,1,3,24,35,1,A21,1,1,1,62,1,2
2008,4,1,4,24,35,1,A16,1,6,1,33,2,1
2008,4,1,5,24,35,1,A11,3,4,1,62,1,1
2008,4,1,1,29,36,4,P16,7,6,1,33,2,1
2008,4,1,2,29,36,4,P16,7,6,1,33,2,1
2008,4,1,1,29,37,2,B30,9,4,1,57,1,2
2008,4,1,2,29,37,2,B28,9,4,1,38,2,2
2008,4,1,3,29,37,2,B31,9,5,1,57,1,2
2008,4,1,4,29,37,1,A8,3,3,1,62,1,1
2008,4,1,5,29,37,1,A1,8,1,1,28,2,1
2008,4,1,6,29,37,1,A11,3,4,1,62,1,1
2008,4,1,7,29,37,4,P15,4,5,2,38,1,1
2008,4,1,1,29,38,4,P16,7,6,1,33,2,1
2008,4,1,2,29,38,4,P33,9,5,1,43,1,2
2008,4,1,3,29,38,1,A11,3,4,1,62,1,1
2008,4,1,4,29,38,1,A5,3,2,1,43,2,1
2008,4,1,1,41,39,3,C19,12,1,1,48,1,2
2008,4,1,2,41,39,1,A1,8,1,1,28,2,1
2008,4,1,1,9,40,1,A2,3,1,1,43,2,1
2008,4,1,2,9,40,1,A5,3,2,1,43,2,1
2008,4,1,3,9,40,1,A9,3,3,1,82,1,1
2008,4,1,4,9,40,1,A12,2,4,1,38,2,1
2008,4,1,5,9,40,1,A11,3,4,1,62,1,1
2008,4,1,6,9,40,2,B15,9,5,1,38,2,1
2008,4,1,7,9,40,2,B33,6,5,2,33,2,2
2008,4,1,1,9,41,1,A1,8,1,1,28,2,1
2008,4,1,2,9,41,1,A19,12,1,2,33,2,2
2008,4,1,1,29,42,1,A5,3,2,1,43,2,1
2008,4,1,1,9,43,2,B19,13,1,1,38,2,2
2008,4,1,2,9,43,2,B24,11,2,1,57,1,2
2008,4,1,3,9,43,2,B26,13,3,1,57,1,2
2008,4,1,4,9,43,2,B27,2,3,1,57,1,2
2008,4,1,5,9,43,2,B23,7,2,1,38,2,2
2008,4,1,6,9,43,2,B17,6,6,2,38,2,1
2008,4,1,7,9,43,2,B16,12,6,1,52,1,1
2008,4,1,8,9,43,2,B13,12,5,2,62,1,1
2008,4,1,9,9,43,2,B14,2,5,1,62,1,1
2008,4,1,10,9,43,2,B26,13,3,1,57,1,2
2008,4,1,11,9,43,2,B24,11,2,1,57,1,2
2008,4,1,12,9,43,2,B6,2,2,1,52,1,1
2008,4,1,13,9,43,2,B26,13,3,1,57,1,2
2008,4,1,14,9,43,2,B32,6,5,1,38,2,2
2008,4,1,15,9,43,2,B26,13,3,1,57,1,2
2008,4,1,16,9,43,2,B26,13,3,1,57,1,2
2008,4,1,17,9,43,2,B26,13,3,1,57,1,2
2008,4,1,18,9,43,2,B26,13,3,1,57,1,2
2008,4,1,19,9,43,2,B26,13,3,1,57,1,2
2008,4,1,20,9,43,2,B26,13,3,1,57,1,2
2008,4,1,21,9,43,2,B26,13,3,1,57,1,2
2008,4,1,22,9,43,2,B26,13,3,1,57,1,2
2008,4,1,23,9,43,2,B23,7,2,1,38,2,2
2008,4,1,1,9,44,1,A5,3,2,1,43,2,1
2008,4,1,2,9,44,1,A12,2,4,1,38,2,1
2008,4,1,3,9,44,2,B27,2,3,1,57,1,2
2008,4,1,4,9,44,2,B3,12,1,1,52,1,1
2008,4,1,5,9,44,2,B2,3,1,2,57,1,1
2008,4,1,6,9,44,2,B10,2,4,1,67,1,1
2008,4,1,7,9,44,2,B14,2,5,1,62,1,1
2008,4,1,8,9,44,2,B6,2,2,1,52,1,1
2008,4,1,9,9,44,3,C7,13,3,1,48,1,1
2008,4,1,10,9,44,3,C19,12,1,1,48,1,2
2008,4,1,11,9,44,3,C57,5,1,2,33,2,4
2008,4,1,1,12,45,1,A4,3,2,2,38,2,1
2008,4,1,2,12,45,1,A15,14,5,2,33,2,1
2008,4,1,3,12,45,1,A29,2,4,1,60,1,2
2008,4,1,1,9,46,1,A11,3,4,1,62,1,1
2008,4,1,1,29,47,2,B1,4,1,1,57,1,1
2008,4,1,2,29,47,2,B10,2,4,1,67,1,1
2008,4,1,3,29,47,2,B17,6,6,2,38,2,1
2008,4,1,4,29,47,4,P1,3,1,1,38,1,1
2008,4,1,5,29,47,4,P49,14,5,1,33,2,3
2008,4,1,1,29,48,1,A4,3,2,2,38,2,1
2008,4,1,2,29,48,4,P4,4,2,1,38,1,1
2008,4,1,3,29,48,4,P15,4,5,2,38,1,1
2008,4,1,1,9,49,2,B4,10,2,1,52,1,1
2008,4,1,2,9,49,2,B16,12,6,1,52,1,1
2008,4,1,3,9,49,2,B2,3,1,2,57,1,1
2008,4,1,4,9,49,2,B1,4,1,1,57,1,1
2008,4,1,5,9,49,2,B9,1,3,1,48,2,1
2008,4,1,6,9,49,3,C5,11,2,1,48,1,1
2008,4,1,7,9,49,3,C7,13,3,1,48,1,1
2008,4,1,8,9,49,3,C3,6,1,2,23,2,1
2008,4,1,9,9,49,3,C9,6,3,1,48,1,1
2008,4,1,10,9,49,3,C17,14,6,1,48,1,1
2008,4,1,11,9,49,3,C18,9,6,1,48,1,1
2008,4,1,12,9,49,3,C11,7,4,1,33,2,1
2008,4,1,13,9,49,3,C14,9,5,1,23,2,1
2008,4,1,14,9,49,3,C34,7,6,1,48,1,2
2008,4,1,15,9,49,3,C36,14,6,1,43,1,2
2008,4,1,16,9,49,3,C37,2,1,1,43,1,3
2008,4,1,17,9,49,3,C39,6,1,1,77,1,3
2008,4,1,18,9,49,3,C49,4,5,2,26,2,3
2008,4,1,19,9,49,3,C50,9,5,2,20,2,3
2008,4,1,20,9,49,3,C51,6,5,1,20,2,3
2008,4,1,21,9,49,3,C52,2,6,1,38,2,3
2008,4,1,22,9,49,3,C57,5,1,2,33,2,4
2008,4,1,23,9,49,3,C18,9,6,1,48,1,1
2008,4,1,24,9,49,1,A1,8,1,1,28,2,1
2008,4,1,25,9,49,1,A2,3,1,1,43,2,1
2008,4,1,26,9,49,1,A3,3,1,1,72,1,1
2008,4,1,27,9,49,1,A5,3,2,1,43,2,1
2008,4,1,28,9,49,1,A6,3,2,1,43,2,1
2008,4,1,29,9,49,1,A7,3,3,1,43,2,1
2008,4,1,30,9,49,1,A8,3,3,1,62,1,1
2008,4,1,31,9,49,1,A9,3,3,1,82,1,1
2008,4,1,32,9,49,1,A10,3,4,1,38,2,1
2008,4,1,33,9,49,1,A12,2,4,1,38,2,1
2008,4,1,34,9,49,1,A13,1,5,1,28,2,1
2008,4,1,35,9,49,1,A15,14,5,2,33,2,1
2008,4,1,36,9,49,1,A16,1,6,1,33,2,1
2008,4,1,37,9,49,1,A17,2,6,1,62,1,1
2008,4,1,38,9,49,1,A31,6,5,2,62,1,2
2008,4,1,39,9,49,1,A19,12,1,2,33,2,2
2008,4,1,40,9,49,1,A36,1,6,1,33,2,2
2008,4,1,41,9,49,1,A42,6,2,1,28,2,3
2008,4,1,1,29,50,2,B19,13,1,1,38,2,2
2008,4,1,2,29,50,2,B24,11,2,1,57,1,2
2008,4,1,3,29,50,2,B29,2,4,1,62,1,2
2008,4,1,4,29,50,2,B23,7,2,1,38,2,2
2008,4,1,1,9,51,1,A11,3,4,1,62,1,1
2008,4,1,2,9,51,1,A1,8,1,1,28,2,1
2008,4,1,3,9,51,1,A3,3,1,1,72,1,1
2008,4,1,4,9,51,1,A3,3,1,1,72,1,1
2008,4,1,1,38,52,1,A13,1,5,1,28,2,1
2008,4,1,2,38,52,2,B9,1,3,1,48,2,1
2008,4,1,3,38,52,2,B13,12,5,2,62,1,1
2008,4,1,4,38,52,2,B12,2,4,1,38,2,1
2008,4,1,5,38,52,1,A13,1,5,1,28,2,1
2008,4,1,6,38,52,2,B10,2,4,1,67,1,1
2008,4,1,7,38,52,2,B11,2,4,1,43,2,1
2008,4,1,8,38,52,4,P16,7,6,1,33,2,1
2008,4,1,9,38,52,4,P1,3,1,1,38,1,1
2008,4,1,1,9,53,1,A13,1,5,1,28,2,1
2008,4,1,2,9,53,1,A2,3,1,1,43,2,1
2008,4,1,3,9,53,1,A5,3,2,1,43,2,1
2008,4,1,1,29,54,4,P4,4,2,1,38,1,1
2008,4,1,2,29,54,4,P6,2,2,1,43,1,1
2008,4,1,3,29,54,4,P17,2,6,2,38,1,1
2008,4,1,4,29,54,4,P10,4,4,2,65,1,1
2008,4,1,1,29,55,4,P11,4,4,2,38,1,1
2008,4,1,2,29,55,4,P16,7,6,1,33,2,1
2008,4,1,3,29,55,4,P15,4,5,2,38,1,1
2008,4,1,4,29,55,4,P15,4,5,2,38,1,1
2008,4,1,5,29,55,3,C1,4,1,2,28,2,1
2008,4,1,6,29,55,3,C13,9,5,1,48,1,1
2008,4,1,7,29,55,3,C13,9,5,1,48,1,1
2008,4,1,8,29,55,3,C17,14,6,1,48,1,1
2008,4,1,1,29,56,1,A14,3,5,1,60,1,1
2008,4,1,2,29,56,1,A15,14,5,2,33,2,1
2008,4,1,3,29,56,1,A24,2,2,1,48,1,2
2008,4,1,4,29,56,1,A35,14,6,2,33,2,2
2008,4,1,5,29,56,2,B4,10,2,1,52,1,1
2008,4,1,6,29,56,2,B1,4,1,1,57,1,1
2008,4,1,7,29,56,2,B32,6,5,1,38,2,2
2008,4,1,8,29,56,3,C14,9,5,1,23,2,1
2008,4,1,9,29,56,4,P20,7,1,1,23,2,2
2008,4,1,1,41,57,4,P40,4,2,1,43,1,3
2008,4,1,2,41,57,4,P51,9,5,1,28,2,3
2008,4,1,3,41,57,4,P61,1,3,2,28,2,4
2008,4,1,1,29,58,4,P4,4,2,1,38,1,1
2008,4,1,2,29,58,4,P25,2,3,2,43,1,2
2008,4,1,3,29,58,1,A7,3,3,1,43,2,1
2008,4,1,4,29,58,1,A11,3,4,1,62,1,1
2008,4,1,5,29,58,1,A9,3,3,1,82,1,1
2008,4,1,6,29,58,1,A23,6,2,2,33,2,2
2008,4,1,1,24,59,3,C44,14,3,1,55,1,3
2008,4,1,2,24,59,3,C45,11,3,1,55,1,3
2008,4,1,1,21,60,3,C17,14,6,1,48,1,1
2008,4,1,2,21,60,1,A15,14,5,2,33,2,1
2008,4,1,3,21,60,1,A4,3,2,2,38,2,1
2008,4,1,4,21,60,2,B4,10,2,1,52,1,1
2008,4,1,5,21,60,2,B1,4,1,1,57,1,1
2008,4,1,6,21,60,2,B1,4,1,1,57,1,1
2008,4,1,1,24,61,1,A15,14,5,2,33,2,1
2008,4,1,2,24,61,2,B1,4,1,1,57,1,1
2008,4,1,3,24,61,2,B10,2,4,1,67,1,1
2008,4,1,4,24,61,2,B12,2,4,1,38,2,1
2008,4,1,5,24,61,2,B15,9,5,1,38,2,1
2008,4,1,6,24,61,2,B24,11,2,1,57,1,2
2008,4,1,1,31,62,1,A6,3,2,1,43,2,1
2008,4,1,1,9,63,3,C13,9,5,1,48,1,1
2008,4,1,2,9,63,3,C1,4,1,2,28,2,1
2008,4,1,3,9,63,3,C5,11,2,1,48,1,1
2008,4,1,4,9,63,3,C14,9,5,1,23,2,1
2008,4,1,5,9,63,3,C18,9,6,1,48,1,1
2008,4,1,1,24,64,2,B10,2,4,1,67,1,1
2008,4,1,2,24,64,2,B11,2,4,1,43,2,1
2008,4,1,3,24,64,2,B12,2,4,1,38,2,1
2008,4,1,4,24,64,2,B13,12,5,2,62,1,1
2008,4,1,5,24,64,2,B14,2,5,1,62,1,1
2008,4,1,6,24,64,2,B13,12,5,2,62,1,1
2008,4,1,7,24,64,2,B10,2,4,1,67,1,1
2008,4,1,8,24,64,2,B20,8,1,1,43,2,2
2008,4,1,9,24,64,2,B21,12,1,1,67,1,2
2008,4,1,10,24,64,2,B22,2,2,1,67,1,2
2008,4,1,11,24,64,2,B27,2,3,1,57,1,2
2008,4,1,12,24,64,2,B30,9,4,1,57,1,2
2008,4,1,13,24,64,2,B12,2,4,1,38,2,1
2008,4,1,14,24,64,2,B10,2,4,1,67,1,1
2008,4,1,1,24,65,1,A13,1,5,1,28,2,1
2008,4,1,2,24,65,1,A21,1,1,1,62,1,2
2008,4,1,3,24,65,1,A14,3,5,1,60,1,1
2008,4,1,4,24,65,1,A16,1,6,1,33,2,1
2008,4,1,1,24,66,2,B15,9,5,1,38,2,1
2008,4,1,2,24,66,1,A4,3,2,2,38,2,1
2008,4,1,3,24,66,1,A28,1,4,2,43,2,2
2008,4,1,1,24,67,1,A5,3,2,1,43,2,1
2008,4,1,2,24,67,1,A6,3,2,1,43,2,1
2008,4,1,3,24,67,1,A10,3,4,1,38,2,1
2008,4,1,4,24,67,1,A9,3,3,1,82,1,1
2008,4,1,5,24,67,1,A12,2,4,1,38,2,1
2008,4,1,6,24,67,1,A15,14,5,2,33,2,1
2008,4,1,7,24,67,1,A18,4,6,1,38,2,1
2008,4,1,8,24,67,1,A34,2,6,1,38,2,2
2008,4,1,9,24,67,1,A21,1,1,1,62,1,2
2008,4,1,10,24,67,1,A30,6,4,1,38,2,2
2008,4,1,11,24,67,2,B4,10,2,1,52,1,1
2008,4,1,12,24,67,2,B3,12,1,1,52,1,1
2008,4,1,13,24,67,2,B1,4,1,1,57,1,1
2008,4,1,14,24,67,2,B15,9,5,1,38,2,1
2008,4,1,15,24,67,2,B32,6,5,1,38,2,2
2008,4,1,16,24,67,2,B33,6,5,2,33,2,2
2008,4,1,17,24,67,3,C4,4,2,1,48,1,1
2008,4,1,18,24,67,3,C35,9,6,1,50,1,2
2008,4,1,19,24,67,3,C49,4,5,2,26,2,3
2008,4,1,20,24,67,3,C58,14,2,2,48,1,4
2008,4,1,21,24,67,3,C55,13,1,1,48,1,4
2008,4,1,1,24,68,1,A6,3,2,1,43,2,1
2008,4,1,2,24,68,2,B4,10,2,1,52,1,1
2008,4,1,1,24,69,1,A16,1,6,1,33,2,1
2008,4,1,2,24,69,3,C2,12,1,1,43,1,1
2008,4,1,3,24,69,3,C4,4,2,1,48,1,1
2008,4,1,4,24,69,3,C9,6,3,1,48,1,1
2008,4,1,5,24,69,3,C1,4,1,2,28,2,1
2008,4,1,6,24,69,1,A2,3,1,1,43,2,1
2008,4,1,7,24,69,2,B1,4,1,1,57,1,1
2008,4,1,8,24,69,3,C35,9,6,1,50,1,2
2008,4,1,9,24,69,3,C21,14,1,1,57,1,2
2008,4,1,10,24,69,3,C54,14,6,1,57,1,3
2008,4,1,11,24,69,3,C56,6,1,2,57,1,4
2008,4,1,12,24,69,2,B4,10,2,1,52,1,1
2008,4,1,1,41,70,2,B31,9,5,1,57,1,2
2008,4,1,2,41,70,2,B23,7,2,1,38,2,2
2008,4,1,3,41,70,2,B24,11,2,1,57,1,2
2008,4,1,1,9,71,1,A16,1,6,1,33,2,1
2008,4,1,1,29,72,3,C4,4,2,1,48,1,1
2008,4,1,1,29,73,1,A26,2,3,1,38,2,2
2008,4,1,1,29,74,1,A30,6,4,1,38,2,2
2008,4,1,2,29,74,1,A33,1,5,1,38,2,2
2008,4,1,3,29,74,1,A38,6,1,1,62,1,3
2008,4,1,4,29,74,1,A39,4,1,1,38,2,3
2008,4,1,5,29,74,4,P8,2,3,1,28,2,1
2008,4,1,6,29,74,4,P17,2,6,2,38,1,1
2008,4,1,7,29,74,4,P19,2,1,1,48,1,2
2008,4,1,1,29,75,2,B4,10,2,1,52,1,1
2008,4,1,1,29,76,4,P19,2,1,1,48,1,2
2008,4,1,2,29,76,3,C5,11,2,1,48,1,1
2008,4,1,3,29,76,4,P39,14,1,1,43,1,3
2008,4,1,4,29,76,4,P49,14,5,1,33,2,3
2008,4,1,5,29,76,4,P60,14,2,1,28,2,4
2008,4,1,6,29,76,4,P61,1,3,2,28,2,4
2008,4,1,7,29,76,4,P80,7,3,1,28,2,5
2008,4,1,8,29,76,4,P78,14,2,2,48,1,5
2008,4,1,9,29,76,4,P76,2,2,2,43,1,5
2008,4,1,10,29,76,4,P82,6,4,2,48,1,5
2008,4,1,11,29,76,4,P82,6,4,2,48,1,5
2008,4,1,12,29,76,1,A15,14,5,2,33,2,1
2008,4,1,13,29,76,1,A40,4,2,2,38,2,3
2008,4,1,14,29,76,3,C17,14,6,1,48,1,1
2008,4,1,15,29,76,4,P39,14,1,1,43,1,3
2008,4,1,1,29,77,2,B11,2,4,1,43,2,1
2008,4,1,2,29,77,2,B15,9,5,1,38,2,1
2008,4,1,3,29,77,2,B17,6,6,2,38,2,1
2008,4,1,4,29,77,2,B3,12,1,1,52,1,1
2008,4,1,5,29,77,2,B1,4,1,1,57,1,1
2008,4,1,6,29,77,2,B5,14,2,2,52,1,1
2008,4,1,1,9,78,3,C25,2,3,1,33,2,2
2008,4,1,1,29,79,1,A1,8,1,1,28,2,1
2008,4,1,2,29,79,1,A2,3,1,1,43,2,1
2008,4,1,3,29,79,1,A3,3,1,1,72,1,1
2008,4,1,4,29,79,1,A5,3,2,1,43,2,1
2008,4,1,5,29,79,4,P3,2,1,1,48,1,1
2008,4,1,6,29,79,4,P8,2,3,1,28,2,1
2008,4,1,7,29,79,4,P7,4,3,2,28,2,1
2008,4,1,8,29,79,4,P14,2,5,2,38,1,1
2008,4,1,9,29,79,4,P17,2,6,2,38,1,1
2008,4,1,10,29,79,4,P18,2,6,1,28,2,1
2008,4,1,11,29,79,4,P35,4,6,1,28,2,2
2008,4,1,12,29,79,4,P33,9,5,1,43,1,2
2008,4,1,1,29,80,4,P6,2,2,1,43,1,1
2008,4,1,2,29,80,3,C6,6,2,1,33,2,1
2008,4,1,3,29,80,1,A6,3,2,1,43,2,1
2008,4,1,1,29,81,4,P15,4,5,2,38,1,1
2008,4,1,2,29,81,2,B4,10,2,1,52,1,1
2008,4,1,3,29,81,2,B17,6,6,2,38,2,1
2008,4,1,4,29,81,2,B15,9,5,1,38,2,1
2008,4,1,5,29,81,2,B15,9,5,1,38,2,1
2008,4,1,6,29,81,2,B10,2,4,1,67,1,1
2008,4,1,7,29,81,2,B16,12,6,1,52,1,1
2008,4,1,8,29,81,4,P15,4,5,2,38,1,1
2008,4,1,1,29,82,1,A2,3,1,1,43,2,1
2008,4,1,2,29,82,1,A8,3,3,1,62,1,1
2008,4,1,3,29,82,1,A11,3,4,1,62,1,1
2008,4,1,4,29,82,1,A12,2,4,1,38,2,1
2008,4,1,5,29,82,2,B13,12,5,2,62,1,1
2008,4,1,6,29,82,2,B17,6,6,2,38,2,1
2008,4,1,7,29,82,3,C12,14,4,1,43,1,1
2008,4,1,8,29,82,3,C17,14,6,1,48,1,1
2008,4,1,9,29,82,3,C42,7,2,1,28,2,3
2008,4,1,10,29,82,4,P15,4,5,2,38,1,1
2008,4,1,1,29,83,4,P16,7,6,1,33,2,1
2008,4,1,2,29,83,4,P1,3,1,1,38,1,1
2008,4,1,3,29,83,4,P3,2,1,1,48,1,1
2008,4,1,4,29,83,4,P11,4,4,2,38,1,1
2008,4,1,5,29,83,4,P6,2,2,1,43,1,1
2008,4,1,6,29,83,3,C6,6,2,1,33,2,1
2008,4,1,7,29,83,3,C18,9,6,1,48,1,1
2008,4,1,8,29,83,3,C5,11,2,1,48,1,1
2008,4,1,9,29,83,4,P6,2,2,1,43,1,1
2008,4,1,1,9,84,2,B24,11,2,1,57,1,2
2008,4,1,2,9,84,2,B25,6,3,1,38,2,2
2008,4,1,3,9,84,2,B22,2,2,1,67,1,2
2008,4,1,4,9,84,3,C17,14,6,1,48,1,1
2008,4,1,1,24,85,3,C10,9,4,2,28,2,1
2008,4,1,1,24,86,3,C14,9,5,1,23,2,1
2008,4,1,2,24,86,3,C30,2,4,2,28,2,2
2008,4,1,3,24,86,3,C50,9,5,2,20,2,3
2008,4,1,4,24,86,1,A11,3,4,1,62,1,1
2008,4,1,5,24,86,1,A26,2,3,1,38,2,2
2008,4,1,6,24,86,1,A32,2,5,1,38,2,2
2008,4,1,7,24,86,1,A42,6,2,1,28,2,3
2008,4,1,8,24,86,2,B1,4,1,1,57,1,1
2008,4,1,9,24,86,2,B4,10,2,1,52,1,1
2008,4,1,10,24,86,2,B14,2,5,1,62,1,1
2008,4,1,11,24,86,2,B13,12,5,2,62,1,1
2008,4,1,12,24,86,2,B19,13,1,1,38,2,2
2008,4,1,13,24,86,2,B32,6,5,1,38,2,2
2008,4,1,14,24,86,2,B27,2,3,1,57,1,2
2008,4,1,1,41,87,1,A5,3,2,1,43,2,1
2008,4,1,2,41,87,1,A8,3,3,1,62,1,1
2008,4,1,3,41,87,1,A15,14,5,2,33,2,1
2008,4,1,4,41,87,4,P1,3,1,1,38,1,1
2008,4,1,1,29,88,4,P4,4,2,1,38,1,1
2008,4,1,2,29,88,4,P8,2,3,1,28,2,1
2008,4,1,3,29,88,4,P3,2,1,1,48,1,1
2008,4,1,4,29,88,3,C2,12,1,1,43,1,1
2008,4,1,5,29,88,3,C6,6,2,1,33,2,1
2008,4,1,6,29,88,3,C9,6,3,1,48,1,1
2008,4,1,1,29,89,3,C35,9,6,1,50,1,2
2008,4,1,1,29,90,4,P1,3,1,1,38,1,1
2008,4,1,1,29,91,1,A1,8,1,1,28,2,1
2008,4,1,2,29,91,3,C18,9,6,1,48,1,1
2008,4,1,3,29,91,3,C8,2,3,2,48,1,1
2008,4,1,4,29,91,2,B10,2,4,1,67,1,1
2008,4,1,5,29,91,4,P8,2,3,1,28,2,1
2008,4,1,1,24,92,1,A32,2,5,1,38,2,2
2008,4,1,1,24,93,1,A2,3,1,1,43,2,1
2008,4,1,1,29,94,4,P6,2,2,1,43,1,1
2008,4,1,2,29,94,4,P5,3,2,1,23,2,1
2008,4,1,3,29,94,1,A2,3,1,1,43,2,1
2008,4,1,4,29,94,1,A3,3,1,1,72,1,1
2008,4,1,5,29,94,1,A42,6,2,1,28,2,3
2008,4,1,6,29,94,1,A41,4,2,1,43,2,3
2008,4,1,7,29,94,4,P1,3,1,1,38,1,1
2008,4,1,8,29,94,4,P25,2,3,2,43,1,2
2008,4,1,9,29,94,4,P70,6,6,2,38,1,4
2008,4,1,10,29,94,4,P82,6,4,2,48,1,5
2008,4,1,11,29,94,2,B1,4,1,1,57,1,1
2008,4,1,12,29,94,2,B27,2,3,1,57,1,2
2008,4,1,13,29,94,2,B2,3,1,2,57,1,1
2008,4,1,1,9,95,3,C58,14,2,2,48,1,4
2008,4,1,2,9,95,3,C55,13,1,1,48,1,4
2008,4,1,1,9,96,2,B8,4,3,2,52,1,1
2008,4,1,2,9,96,2,B1,4,1,1,57,1,1
2008,4,1,3,9,96,2,B23,7,2,1,38,2,2
2008,4,1,4,9,96,3,C56,6,1,2,57,1,4
2008,4,1,5,9,96,1,A4,3,2,2,38,2,1
2008,4,1,1,21,97,4,P6,2,2,1,43,1,1
2008,4,1,1,21,98,3,C1,4,1,2,28,2,1
2008,4,1,1,29,99,4,P33,9,5,1,43,1,2
2008,4,1,2,29,99,4,P36,2,6,1,43,1,2
2008,4,1,3,29,99,4,P25,2,3,2,43,1,2
2008,4,1,4,29,99,2,B14,2,5,1,62,1,1
2008,4,1,5,29,99,2,B13,12,5,2,62,1,1
2008,4,1,6,29,99,2,B15,9,5,1,38,2,1
2008,4,1,7,29,99,2,B3,12,1,1,52,1,1
2008,4,1,8,29,99,2,B23,7,2,1,38,2,2
2008,4,1,9,29,99,2,B23,7,2,1,38,2,2
2008,4,1,1,29,100,1,A1,8,1,1,28,2,1
2008,4,1,2,29,100,1,A2,3,1,1,43,2,1
2008,4,1,3,29,100,4,P2,3,1,1,28,2,1
2008,4,1,4,29,100,4,P16,7,6,1,33,2,1
2008,4,1,5,29,100,4,P1,3,1,1,38,1,1
2008,4,1,6,29,100,4,P3,2,1,1,48,1,1
2008,4,1,7,29,100,1,A5,3,2,1,43,2,1
2008,4,1,8,29,100,3,C6,6,2,1,33,2,1
2008,4,1,9,29,100,3,C15,6,5,1,33,2,1
2008,4,1,10,29,100,3,C12,14,4,1,43,1,1
2008,4,1,11,29,100,3,C2,12,1,1,43,1,1
2008,4,1,12,29,100,4,P1,3,1,1,38,1,1
2008,4,1,1,29,101,2,B2,3,1,2,57,1,1
2008,4,1,1,29,102,1,A12,2,4,1,38,2,1
2008,4,1,2,29,102,4,P12,4,4,1,33,2,1
2008,4,1,3,29,102,3,C17,14,6,1,48,1,1
2008,4,1,4,29,102,3,C17,14,6,1,48,1,1
2008,4,1,1,9,103,1,A10,3,4,1,38,2,1
2008,4,1,2,9,103,1,A12,2,4,1,38,2,1
2008,4,1,3,9,103,1,A10,3,4,1,38,2,1
2008,4,1,4,9,103,1,A12,2,4,1,38,2,1
2008,4,1,1,29,104,2,B10,2,4,1,67,1,1
2008,4,1,2,29,104,2,B14,2,5,1,62,1,1
2008,4,1,3,29,104,2,B3,12,1,1,52,1,1
2008,4,1,1,29,105,2,B16,12,6,1,52,1,1
2008,4,1,2,29,105,2,B10,2,4,1,67,1,1
2008,4,1,1,29,106,4,P10,4,4,2,65,1,1
2008,4,1,2,29,106,4,P14,2,5,2,38,1,1
2008,4,1,1,29,107,1,A11,3,4,1,62,1,1
2008,4,1,2,29,107,1,A15,14,5,2,33,2,1
2008,4,1,3,29,107,1,A10,3,4,1,38,2,1
2008,4,1,4,29,107,1,A10,3,4,1,38,2,1
2008,4,1,5,29,107,1,A4,3,2,2,38,2,1
2008,4,1,6,29,107,2,B16,12,6,1,52,1,1
2008,4,1,7,29,107,2,B32,6,5,1,38,2,2
2008,4,1,8,29,107,3,C15,6,5,1,33,2,1
2008,4,1,9,29,107,3,C42,7,2,1,28,2,3
2008,4,1,10,29,107,3,C50,9,5,2,20,2,3
2008,4,1,11,29,107,4,P1,3,1,1,38,1,1
2008,4,1,12,29,107,4,P6,2,2,1,43,1,1
2008,4,1,13,29,107,4,P17,2,6,2,38,1,1
2008,4,1,14,29,107,4,P9,4,3,2,23,2,1
2008,4,1,15,29,107,4,P11,4,4,2,38,1,1
2008,4,1,16,29,107,4,P16,7,6,1,33,2,1
2008,4,1,17,29,107,4,P20,7,1,1,23,2,2
2008,4,1,18,29,107,4,P23,6,2,2,28,2,2
2008,4,1,19,29,107,4,P26,4,3,1,43,1,2
2008,4,1,20,29,107,4,P33,9,5,1,43,1,2
2008,4,1,21,29,107,4,P33,9,5,1,43,1,2
2008,4,1,22,29,107,4,P34,9,6,2,48,1,2
2008,4,1,23,29,107,4,P52,11,6,2,23,2,3
2008,4,1,24,29,107,4,P43,7,3,2,38,1,3
2008,4,1,25,29,107,4,P39,14,1,1,43,1,3
2008,4,1,26,29,107,4,P55,14,1,2,33,2,4
2008,4,1,27,29,107,4,P64,12,4,2,28,2,4
2008,4,1,1,29,108,1,A11,3,4,1,62,1,1
2008,4,1,2,29,108,4,P4,4,2,1,38,1,1
2008,4,1,3,29,108,4,P1,3,1,1,38,1,1
2008,4,1,4,29,108,4,P1,3,1,1,38,1,1
2008,4,1,5,29,108,4,P17,2,6,2,38,1,1
2008,4,1,6,29,108,4,P7,4,3,2,28,2,1
2008,4,1,1,29,109,1,A4,3,2,2,38,2,1
2008,4,1,2,29,109,1,A5,3,2,1,43,2,1
2008,4,1,3,29,109,1,A12,2,4,1,38,2,1
2008,4,1,4,29,109,2,B4,10,2,1,52,1,1
2008,4,1,5,29,109,2,B29,2,4,1,62,1,2
2008,4,1,1,29,110,1,A17,2,6,1,62,1,1
2008,4,1,2,29,110,3,C14,9,5,1,23,2,1
2008,4,1,3,29,110,4,P12,4,4,1,33,2,1
2008,4,1,4,29,110,4,P17,2,6,2,38,1,1
2008,4,1,5,29,110,4,P33,9,5,1,43,1,2
2008,4,1,6,29,110,4,P36,2,6,1,43,1,2
2008,4,1,7,29,110,4,P37,2,1,1,43,1,3
2008,4,1,8,29,110,4,P69,9,5,1,43,1,4
2008,4,1,1,29,111,2,B14,2,5,1,62,1,1
2008,4,1,1,29,112,2,B17,6,6,2,38,2,1
2008,4,1,2,29,112,2,B16,12,6,1,52,1,1
2008,4,1,3,29,112,2,B25,6,3,1,38,2,2
2008,4,1,4,29,112,2,B29,2,4,1,62,1,2
2008,4,1,5,29,112,2,B34,2,6,1,48,2,2
2008,4,1,6,29,112,4,P12,4,4,1,33,2,1
2008,4,1,7,29,112,4,P33,9,5,1,43,1,2
2008,4,1,8,29,112,1,A7,3,3,1,43,2,1
2008,4,1,1,24,113,1,A13,1,5,1,28,2,1
2008,4,1,2,24,113,2,B28,9,4,1,38,2,2
2008,4,1,3,24,113,2,B21,12,1,1,67,1,2
2008,4,1,4,24,113,2,B20,8,1,1,43,2,2
2008,4,1,5,24,113,2,B26,13,3,1,57,1,2
2008,4,1,6,24,113,2,B26,13,3,1,57,1,2
2008,4,1,7,24,113,2,B13,12,5,2,62,1,1
2008,4,1,8,24,113,3,C13,9,5,1,48,1,1
2008,4,1,9,24,113,3,C18,9,6,1,48,1,1
2008,4,1,1,24,114,1,A1,8,1,1,28,2,1
2008,4,1,2,24,114,1,A12,2,4,1,38,2,1
2008,4,1,3,24,114,1,A24,2,2,1,48,1,2
2008,4,1,1,9,115,3,C57,5,1,2,33,2,4
2008,4,1,2,9,115,1,A30,6,4,1,38,2,2
2008,4,1,1,9,116,1,A10,3,4,1,38,2,1
2008,4,1,2,9,116,1,A37,2,1,1,62,1,3
2008,4,1,3,9,116,2,B24,11,2,1,57,1,2
2008,4,1,1,29,117,3,C53,14,6,1,38,2,3
2008,4,1,1,29,118,1,A4,3,2,2,38,2,1
2008,4,1,1,9,119,2,B12,2,4,1,38,2,1
2008,4,1,2,9,119,3,C17,14,6,1,48,1,1
2008,4,1,3,9,119,3,C37,2,1,1,43,1,3
2008,4,1,4,9,119,3,C40,14,2,2,28,2,3
2008,4,1,5,9,119,1,A10,3,4,1,38,2,1
2008,4,1,6,9,119,1,A11,3,4,1,62,1,1
2008,4,1,7,9,119,1,A9,3,3,1,82,1,1
2008,4,1,8,9,119,1,A17,2,6,1,62,1,1
2008,4,1,9,9,119,1,A7,3,3,1,43,2,1
2008,4,1,10,9,119,1,A8,3,3,1,62,1,1
2008,4,1,1,9,120,1,A21,1,1,1,62,1,2
2008,4,1,2,9,120,1,A33,1,5,1,38,2,2
2008,4,1,3,9,120,1,A22,4,2,1,62,1,2
2008,4,1,4,9,120,2,B16,12,6,1,52,1,1
2008,4,1,5,9,120,2,B17,6,6,2,38,2,1
2008,4,1,6,9,120,2,B1,4,1,1,57,1,1
2008,4,1,7,9,120,2,B16,12,6,1,52,1,1
2008,4,1,1,29,121,1,A1,8,1,1,28,2,1
2008,4,1,2,29,121,1,A6,3,2,1,43,2,1
2008,4,1,3,29,121,1,A15,14,5,2,33,2,1
2008,4,1,4,29,121,2,B9,1,3,1,48,2,1
2008,4,1,5,29,121,3,C6,6,2,1,33,2,1
2008,4,1,6,29,121,3,C41,13,2,1,28,2,3
2008,4,1,7,29,121,2,B9,1,3,1,48,2,1
2008,4,1,8,29,121,1,A15,14,5,2,33,2,1
2008,4,1,1,29,122,1,A7,3,3,1,43,2,1
2008,4,1,2,29,122,1,A10,3,4,1,38,2,1
2008,4,1,3,29,122,4,P1,3,1,1,38,1,1
2008,4,1,1,29,123,3,C2,12,1,1,43,1,1
2008,4,1,2,29,123,4,P2,3,1,1,28,2,1
2008,4,1,3,29,123,4,P6,2,2,1,43,1,1
2008,4,1,4,29,123,4,P13,4,5,1,38,1,1
2008,4,1,5,29,123,4,P16,7,6,1,33,2,1
2008,4,1,6,29,123,4,P20,7,1,1,23,2,2
2008,4,1,7,29,123,4,P33,9,5,1,43,1,2
2008,4,1,8,29,123,3,C22,11,2,2,43,1,2
2008,4,1,1,29,124,4,P63,14,3,2,28,2,4
2008,4,1,2,29,124,4,P61,1,3,2,28,2,4
2008,4,1,3,29,124,1,A11,3,4,1,62,1,1
2008,4,1,4,29,124,1,A15,14,5,2,33,2,1
2008,4,1,5,29,124,1,A31,6,5,2,62,1,2
2008,4,1,6,29,124,2,B14,2,5,1,62,1,1
2008,4,1,7,29,124,3,C6,6,2,1,33,2,1
2008,4,1,1,29,125,1,A1,8,1,1,28,2,1
2008,4,1,2,29,125,1,A10,3,4,1,38,2,1
2008,4,1,3,29,125,1,A11,3,4,1,62,1,1
2008,4,1,4,29,125,1,A2,3,1,1,43,2,1
2008,4,1,5,29,125,1,A10,3,4,1,38,2,1
2008,4,1,6,29,125,1,A7,3,3,1,43,2,1
2008,4,1,7,29,125,1,A35,14,6,2,33,2,2
2008,4,1,8,29,125,1,A36,1,6,1,33,2,2
2008,4,1,9,29,125,1,A37,2,1,1,62,1,3
2008,4,1,10,29,125,1,A38,6,1,1,62,1,3
2008,4,1,11,29,125,1,A39,4,1,1,38,2,3
2008,4,1,12,29,125,1,A40,4,2,2,38,2,3
2008,4,1,13,29,125,2,B10,2,4,1,67,1,1
2008,4,1,14,29,125,2,B11,2,4,1,43,2,1
2008,4,1,15,29,125,2,B12,2,4,1,38,2,1
2008,4,1,16,29,125,2,B13,12,5,2,62,1,1
2008,4,1,17,29,125,2,B14,2,5,1,62,1,1
2008,4,1,18,29,125,2,B17,6,6,2,38,2,1
2008,4,1,19,29,125,2,B1,4,1,1,57,1,1
2008,4,1,20,29,125,2,B15,9,5,1,38,2,1
2008,4,1,21,29,125,2,B19,13,1,1,38,2,2
2008,4,1,22,29,125,2,B20,8,1,1,43,2,2
2008,4,1,23,29,125,2,B21,12,1,1,67,1,2
2008,4,1,24,29,125,2,B22,2,2,1,67,1,2
2008,4,1,25,29,125,2,B24,11,2,1,57,1,2
2008,4,1,26,29,125,2,B25,6,3,1,38,2,2
2008,4,1,27,29,125,2,B26,13,3,1,57,1,2
2008,4,1,28,29,125,2,B27,2,3,1,57,1,2
2008,4,1,29,29,125,2,B28,9,4,1,38,2,2
2008,4,1,30,29,125,2,B29,2,4,1,62,1,2
2008,4,1,31,29,125,2,B31,9,5,1,57,1,2
2008,4,1,32,29,125,2,B32,6,5,1,38,2,2
2008,4,1,33,29,125,2,B33,6,5,2,33,2,2
2008,4,1,34,29,125,2,B34,2,6,1,48,2,2
2008,4,1,35,29,125,3,C50,9,5,2,20,2,3
2008,4,1,36,29,125,3,C49,4,5,2,26,2,3
2008,4,1,37,29,125,4,P1,3,1,1,38,1,1
2008,4,1,38,29,125,4,P4,4,2,1,38,1,1
2008,4,1,1,29,126,3,C5,11,2,1,48,1,1
2008,4,1,2,29,126,3,C16,13,6,1,28,2,1
2008,4,1,1,29,127,1,A15,14,5,2,33,2,1
2008,4,1,2,29,127,3,C35,9,6,1,50,1,2
2008,4,1,3,29,127,3,C2,12,1,1,43,1,1
2008,4,1,4,29,127,1,A15,14,5,2,33,2,1
2008,4,1,5,29,127,1,A15,14,5,2,33,2,1
2008,4,1,6,29,127,1,A2,3,1,1,43,2,1
2008,4,1,1,29,128,3,C1,4,1,2,28,2,1
2008,4,1,1,29,129,3,C6,6,2,1,33,2,1
2008,4,1,1,29,130,4,P12,4,4,1,33,2,1
2008,4,1,2,29,130,4,P11,4,4,2,38,1,1
2008,4,1,3,29,130,4,P35,4,6,1,28,2,2
2008,4,1,4,29,130,4,P25,2,3,2,43,1,2
2008,4,1,5,29,130,4,P39,14,1,1,43,1,3
2008,4,1,6,29,130,4,P46,14,4,1,28,2,3
2008,4,1,1,29,131,3,C8,2,3,2,48,1,1
2008,4,1,2,29,131,3,C5,11,2,1,48,1,1
2008,4,1,3,29,131,3,C6,6,2,1,33,2,1
2008,4,1,1,29,132,1,A11,3,4,1,62,1,1
2008,4,1,2,29,132,1,A8,3,3,1,62,1,1
2008,4,1,3,29,132,2,B15,9,5,1,38,2,1
2008,4,1,4,29,132,2,B10,2,4,1,67,1,1
2008,4,1,5,29,132,2,B13,12,5,2,62,1,1
2008,4,1,6,29,132,2,B7,6,3,1,38,2,1
2008,4,1,7,29,132,3,C4,4,2,1,48,1,1
2008,4,1,8,29,132,3,C14,9,5,1,23,2,1
2008,4,1,9,29,132,3,C10,9,4,2,28,2,1
2008,4,1,1,29,133,2,B4,10,2,1,52,1,1
2008,4,1,2,29,133,2,B10,2,4,1,67,1,1
2008,4,1,3,29,133,2,B9,1,3,1,48,2,1
2008,4,1,4,29,133,2,B2,3,1,2,57,1,1
2008,4,1,1,29,134,1,A6,3,2,1,43,2,1
2008,4,1,2,29,134,3,C48,6,4,1,28,2,3
2008,4,1,1,29,135,4,P1,3,1,1,38,1,1
2008,4,1,2,29,135,4,P16,7,6,1,33,2,1
2008,4,1,3,29,135,4,P17,2,6,2,38,1,1
2008,4,1,4,29,135,3,C53,14,6,1,38,2,3
2008,4,1,1,29,136,1,A11,3,4,1,62,1,1
2008,4,1,1,29,137,1,A10,3,4,1,38,2,1
2008,4,1,2,29,137,1,A2,3,1,1,43,2,1
2008,4,1,3,29,137,1,A6,3,2,1,43,2,1
2008,4,1,1,29,138,1,A13,1,5,1,28,2,1
2008,4,1,2,29,138,1,A21,1,1,1,62,1,2
2008,4,1,3,29,138,1,A21,1,1,1,62,1,2
2008,4,1,4,29,138,1,A33,1,5,1,38,2,2
2008,4,1,5,29,138,1,A41,4,2,1,43,2,3
2008,4,1,6,29,138,1,A31,6,5,2,62,1,2
2008,4,1,7,29,138,4,P4,4,2,1,38,1,1
2008,4,1,8,29,138,4,P9,4,3,2,23,2,1
2008,4,1,9,29,138,4,P10,4,4,2,65,1,1
2008,4,1,10,29,138,4,P81,4,3,2,43,1,5
2008,4,1,11,29,138,1,A21,1,1,1,62,1,2
2008,4,1,12,29,138,1,A28,1,4,2,43,2,2
2008,4,1,13,29,138,1,A31,6,5,2,62,1,2
2008,4,1,14,29,138,1,A33,1,5,1,38,2,2
2008,4,1,15,29,138,1,A41,4,2,1,43,2,3
2008,4,1,1,29,139,2,B4,10,2,1,52,1,1
2008,4,1,2,29,139,1,A3,3,1,1,72,1,1
2008,4,1,3,29,139,1,A3,3,1,1,72,1,1
2008,4,1,4,29,139,4,P1,3,1,1,38,1,1
2008,4,1,5,29,139,4,P4,4,2,1,38,1,1
2008,4,1,6,29,139,4,P17,2,6,2,38,1,1
2008,4,1,1,29,140,1,A5,3,2,1,43,2,1
2008,4,1,2,29,140,1,A7,3,3,1,43,2,1
2008,4,1,3,29,140,4,P8,2,3,1,28,2,1
2008,4,1,4,29,140,4,P1,3,1,1,38,1,1
2008,4,1,1,29,141,1,A1,8,1,1,28,2,1
2008,4,1,2,29,141,1,A4,3,2,2,38,2,1
2008,4,1,3,29,141,3,C14,9,5,1,23,2,1
2008,4,1,4,29,141,3,C7,13,3,1,48,1,1
2008,4,1,1,29,142,4,P1,3,1,1,38,1,1
2008,4,1,2,29,142,4,P2,3,1,1,28,2,1
2008,4,1,3,29,142,3,C2,12,1,1,43,1,1
2008,4,1,4,29,142,3,C54,14,6,1,57,1,3
2008,4,1,1,29,143,3,C5,11,2,1,48,1,1
2008,4,1,2,29,143,3,C56,6,1,2,57,1,4
2008,4,1,3,29,143,4,P26,4,3,1,43,1,2
2008,4,1,4,29,143,4,P29,5,4,2,33,2,2
2008,4,1,5,29,143,4,P80,7,3,1,28,2,5
2008,4,1,1,29,144,2,B31,9,5,1,57,1,2
2008,4,1,2,29,144,4,P1,3,1,1,38,1,1
2008,4,1,3,29,144,4,P43,7,3,2,38,1,3
2008,4,1,1,29,145,1,A11,3,4,1,62,1,1
2008,4,1,2,29,145,1,A3,3,1,1,72,1,1
2008,4,1,3,29,145,2,B17,6,6,2,38,2,1
2008,4,1,4,29,145,3,C35,9,6,1,50,1,2
2008,4,1,1,29,146,1,A1,8,1,1,28,2,1
2008,4,1,2,29,146,1,A2,3,1,1,43,2,1
2008,4,1,3,29,146,1,A3,3,1,1,72,1,1
2008,4,1,4,29,146,1,A13,1,5,1,28,2,1
2008,4,1,5,29,146,1,A15,14,5,2,33,2,1
2008,4,1,6,29,146,1,A17,2,6,1,62,1,1
2008,4,1,7,29,146,3,C7,13,3,1,48,1,1
2008,4,1,8,29,146,3,C4,4,2,1,48,1,1
2008,4,1,9,29,146,3,C58,14,2,2,48,1,4
2008,4,1,10,29,146,2,B27,2,3,1,57,1,2
2008,4,1,11,29,146,2,B27,2,3,1,57,1,2
2008,4,1,12,29,146,3,C58,14,2,2,48,1,4
2008,4,1,13,29,146,3,C4,4,2,1,48,1,1
2008,4,1,14,29,146,3,C7,13,3,1,48,1,1
2008,4,1,15,29,146,1,A17,2,6,1,62,1,1
2008,4,1,16,29,146,1,A15,14,5,2,33,2,1
2008,4,1,17,29,146,1,A13,1,5,1,28,2,1
2008,4,1,18,29,146,1,A3,3,1,1,72,1,1
2008,4,1,19,29,146,1,A4,3,2,2,38,2,1
2008,4,1,1,29,147,4,P17,2,6,2,38,1,1
2008,4,1,1,29,148,2,B14,2,5,1,62,1,1
2008,4,1,2,29,148,2,B10,2,4,1,67,1,1
2008,4,1,3,29,148,2,B12,2,4,1,38,2,1
2008,4,1,4,29,148,2,B11,2,4,1,43,2,1
2008,4,1,5,29,148,2,B22,2,2,1,67,1,2
2008,4,1,6,29,148,2,B23,7,2,1,38,2,2
2008,4,1,1,29,149,1,A12,2,4,1,38,2,1
2008,4,1,2,29,149,1,A5,3,2,1,43,2,1
2008,4,1,3,29,149,4,P6,2,2,1,43,1,1
2008,4,1,4,29,149,4,P14,2,5,2,38,1,1
2008,4,1,1,29,150,4,P1,3,1,1,38,1,1
2008,4,1,1,29,151,3,C14,9,5,1,23,2,1
2008,4,1,1,29,152,4,P12,4,4,1,33,2,1
2008,4,1,2,29,152,4,P15,4,5,2,38,1,1
2008,4,1,3,29,152,3,C2,12,1,1,43,1,1
2008,4,1,4,29,152,3,C13,9,5,1,48,1,1
2008,4,1,1,29,153,2,B10,2,4,1,67,1,1
2008,4,1,2,29,153,3,C6,6,2,1,33,2,1
2008,4,1,3,29,153,1,A2,3,1,1,43,2,1
2008,4,1,4,29,153,4,P23,6,2,2,28,2,2
2008,4,1,5,29,153,3,C50,9,5,2,20,2,3
2008,4,1,6,29,153,3,C6,6,2,1,33,2,1
2008,4,1,1,29,154,2,B3,12,1,1,52,1,1
2008,4,1,2,29,154,2,B9,1,3,1,48,2,1
2008,4,1,3,29,154,1,A21,1,1,1,62,1,2
2008,4,1,4,29,154,2,B24,11,2,1,57,1,2
2008,4,1,1,29,155,1,A16,1,6,1,33,2,1
2008,4,1,2,29,155,1,A17,2,6,1,62,1,1
2008,4,1,1,29,156,3,C3,6,1,2,23,2,1
2008,4,1,1,29,157,4,P15,4,5,2,38,1,1
2008,4,1,2,29,157,3,C1,4,1,2,28,2,1
2008,4,1,3,29,157,3,C5,11,2,1,48,1,1
2008,4,1,4,29,157,3,C8,2,3,2,48,1,1
2008,4,1,5,29,157,3,C17,14,6,1,48,1,1
2008,4,1,6,29,157,3,C41,13,2,1,28,2,3
2008,4,1,7,29,157,3,C53,14,6,1,38,2,3
2008,4,1,8,29,157,3,C46,2,4,1,48,1,3
2008,4,1,9,29,157,3,C31,12,5,1,33,2,2
2008,4,1,10,29,157,3,C6,6,2,1,33,2,1
2008,4,1,11,29,157,3,C7,13,3,1,48,1,1
2008,4,1,12,29,157,3,C5,11,2,1,48,1,1
2008,4,1,13,29,157,3,C15,6,5,1,33,2,1
2008,4,1,14,29,157,2,B1,4,1,1,57,1,1
2008,4,1,15,29,157,2,B16,12,6,1,52,1,1
2008,4,1,16,29,157,2,B13,12,5,2,62,1,1
2008,4,1,17,29,157,2,B25,6,3,1,38,2,2
2008,4,1,18,29,157,2,B26,13,3,1,57,1,2
2008,4,1,19,29,157,1,A30,6,4,1,38,2,2
2008,4,1,20,29,157,1,A37,2,1,1,62,1,3
2008,4,1,21,29,157,4,P1,3,1,1,38,1,1
2008,4,1,22,29,157,4,P2,3,1,1,28,2,1
2008,4,1,23,29,157,4,P38,9,1,1,33,2,3
2008,4,1,24,29,157,4,P43,7,3,2,38,1,3
2008,4,1,25,29,157,4,P46,14,4,1,28,2,3
2008,4,1,26,29,157,4,P47,14,4,1,28,2,3
2008,4,1,27,29,157,4,P44,11,3,2,28,2,3
2008,4,1,28,29,157,4,P49,14,5,1,33,2,3
2008,4,1,29,29,157,4,P59,2,2,2,38,1,4
2008,4,1,30,29,157,4,P60,14,2,1,28,2,4
2008,4,1,31,29,157,4,P3,2,1,1,48,1,1
2008,4,1,32,29,157,4,P1,3,1,1,38,1,1
2008,4,1,1,29,158,2,B32,6,5,1,38,2,2
2008,4,1,1,29,159,1,A31,6,5,2,62,1,2
2008,4,1,2,29,159,4,P48,9,4,2,33,2,3
2008,4,1,1,29,160,4,P1,3,1,1,38,1,1
2008,4,1,2,29,160,4,P34,9,6,2,48,1,2
2008,4,1,3,29,160,4,P65,9,4,2,43,1,4
2008,4,1,1,29,161,3,C6,6,2,1,33,2,1
2008,4,1,1,29,162,4,P12,4,4,1,33,2,1
2008,4,1,2,29,162,3,C9,6,3,1,48,1,1
2008,4,1,3,29,162,3,C3,6,1,2,23,2,1
2008,4,1,4,29,162,3,C38,13,1,1,38,2,3
2008,4,1,5,29,162,3,C48,6,4,1,28,2,3
2008,4,1,6,29,162,3,C38,13,1,1,38,2,3
2008,4,1,1,29,163,3,C5,11,2,1,48,1,1
2008,4,1,2,29,163,3,C16,13,6,1,28,2,1
2008,4,1,3,29,163,3,C6,6,2,1,33,2,1
2008,4,1,1,29,164,1,A28,1,4,2,43,2,2
2008,4,1,2,29,164,1,A42,6,2,1,28,2,3
2008,4,1,3,29,164,1,A4,3,2,2,38,2,1
2008,4,1,4,29,164,3,C26,14,3,1,28,2,2
2008,4,1,1,29,165,2,B3,12,1,1,52,1,1
2008,4,1,2,29,165,2,B24,11,2,1,57,1,2
2008,4,1,3,29,165,2,B26,13,3,1,57,1,2
2008,4,1,4,29,165,2,B31,9,5,1,57,1,2
2008,4,1,5,29,165,2,B32,6,5,1,38,2,2
2008,4,1,6,29,165,3,C6,6,2,1,33,2,1
2008,4,1,1,29,166,2,B28,9,4,1,38,2,2
2008,4,1,1,44,167,3,C1,4,1,2,28,2,1
2008,4,1,2,44,167,3,C5,11,2,1,48,1,1
2008,4,1,3,44,167,3,C8,2,3,2,48,1,1
2008,4,1,4,44,167,3,C10,9,4,2,28,2,1
2008,4,1,5,44,167,3,C17,14,6,1,48,1,1
2008,4,1,1,34,168,3,C12,14,4,1,43,1,1
2008,4,1,2,34,168,3,C44,14,3,1,55,1,3
2008,4,1,3,34,168,3,C44,14,3,1,55,1,3
2008,4,1,4,34,168,3,C45,11,3,1,55,1,3
2008,4,1,5,34,168,3,C21,14,1,1,57,1,2
2008,4,1,6,34,168,3,C33,14,5,1,48,1,2
2008,4,1,7,34,168,3,C21,14,1,1,57,1,2
2008,4,1,8,34,168,4,P15,4,5,2,38,1,1
2008,4,1,9,34,168,3,C12,14,4,1,43,1,1
2008,4,1,10,34,168,3,C54,14,6,1,57,1,3
2008,4,1,11,34,168,3,C54,14,6,1,57,1,3
2008,4,1,12,34,168,3,C59,5,2,2,52,1,4
2008,4,1,13,34,168,3,C47,13,4,2,18,2,3
2008,4,1,14,34,168,3,C38,13,1,1,38,2,3
2008,4,1,15,34,168,3,C38,13,1,1,38,2,3
2008,4,1,16,34,168,3,C21,14,1,1,57,1,2
2008,4,1,17,34,168,3,C1,4,1,2,28,2,1
2008,4,1,18,34,168,3,C4,4,2,1,48,1,1
2008,4,1,19,34,168,3,C26,14,3,1,28,2,2
2008,4,1,20,34,168,3,C21,14,1,1,57,1,2
2008,4,1,21,34,168,3,C20,13,1,2,48,1,2
2008,4,1,22,34,168,3,C20,13,1,2,48,1,2
2008,4,1,23,34,168,3,C27,11,3,1,48,1,2
2008,4,1,24,34,168,3,C12,14,4,1,43,1,1
2008,4,1,25,34,168,3,C38,13,1,1,38,2,3
2008,4,1,26,34,168,3,C44,14,3,1,55,1,3
2008,4,1,27,34,168,3,C33,14,5,1,48,1,2
2008,4,1,28,34,168,3,C50,9,5,2,20,2,3
2008,4,1,29,34,168,3,C45,11,3,1,55,1,3
2008,4,1,30,34,168,3,C20,13,1,2,48,1,2
2008,4,1,31,34,168,3,C12,14,4,1,43,1,1
2008,4,1,32,34,168,3,C28,2,4,2,48,1,2
2008,4,1,33,34,168,3,C43,6,3,2,28,2,3
2008,4,1,34,34,168,4,P23,6,2,2,28,2,2
2008,4,1,35,34,168,4,P19,2,1,1,48,1,2
2008,4,1,36,34,168,4,P39,14,1,1,43,1,3
2008,4,1,37,34,168,4,P42,6,2,2,28,2,3
2008,4,1,38,34,168,4,P44,11,3,2,28,2,3
2008,4,1,39,34,168,4,P49,14,5,1,33,2,3
2008,4,1,40,34,168,4,P60,14,2,1,28,2,4
2008,4,1,41,34,168,4,P58,9,2,2,38,1,4
2008,4,1,42,34,168,3,C4,4,2,1,48,1,1
2008,4,1,43,34,168,4,P6,2,2,1,43,1,1
2008,4,1,44,34,168,4,P44,11,3,2,28,2,3
2008,4,1,45,34,168,4,P37,2,1,1,43,1,3
2008,4,1,46,34,168,4,P46,14,4,1,28,2,3
2008,4,1,47,34,168,4,P48,9,4,2,33,2,3
2008,4,1,48,34,168,4,P67,9,5,1,38,1,4
2008,4,1,49,34,168,4,P70,6,6,2,38,1,4
2008,4,1,1,29,169,2,B10,2,4,1,67,1,1
2008,4,1,1,29,170,1,A4,3,2,2,38,2,1
2008,4,1,2,29,170,1,A11,3,4,1,62,1,1
2008,4,1,3,29,170,1,A10,3,4,1,38,2,1
2008,4,1,4,29,170,1,A6,3,2,1,43,2,1
2008,4,1,5,29,170,1,A23,6,2,2,33,2,2
2008,4,1,6,29,170,2,B2,3,1,2,57,1,1
2008,4,1,7,29,170,2,B4,10,2,1,52,1,1
2008,4,1,8,29,170,2,B11,2,4,1,43,2,1
2008,4,1,9,29,170,2,B13,12,5,2,62,1,1
2008,4,1,10,29,170,2,B24,11,2,1,57,1,2
2008,4,1,11,29,170,2,B32,6,5,1,38,2,2
2008,4,1,1,29,171,1,A17,2,6,1,62,1,1
2008,4,1,2,29,171,3,C15,6,5,1,33,2,1
2008,4,1,3,29,171,3,C8,2,3,2,48,1,1
2008,4,1,4,29,171,3,C9,6,3,1,48,1,1
2008,4,1,5,29,171,1,A18,4,6,1,38,2,1
2008,4,1,6,29,171,1,A6,3,2,1,43,2,1
2008,4,1,7,29,171,1,A2,3,1,1,43,2,1
2008,4,1,8,29,171,3,C9,6,3,1,48,1,1
2008,4,1,1,29,172,4,P15,4,5,2,38,1,1
2008,4,1,2,29,172,2,B2,3,1,2,57,1,1
2008,4,1,3,29,172,2,B9,1,3,1,48,2,1
2008,4,1,4,29,172,2,B26,13,3,1,57,1,2
2008,4,1,5,29,172,2,B21,12,1,1,67,1,2
2008,4,1,6,29,172,2,B20,8,1,1,43,2,2
2008,4,1,1,29,173,1,A5,3,2,1,43,2,1
2008,4,1,2,29,173,1,A13,1,5,1,28,2,1
2008,4,1,3,29,173,1,A13,1,5,1,28,2,1
2008,4,1,4,29,173,1,A15,14,5,2,33,2,1
2008,4,1,5,29,173,1,A17,2,6,1,62,1,1
2008,4,1,6,29,173,2,B4,10,2,1,52,1,1
2008,4,1,7,29,173,1,A17,2,6,1,62,1,1
2008,4,1,8,29,173,2,B10,2,4,1,67,1,1
2008,4,1,9,29,173,2,B11,2,4,1,43,2,1
2008,4,1,10,29,173,2,B11,2,4,1,43,2,1
2008,4,1,11,29,173,2,B12,2,4,1,38,2,1
2008,4,1,12,29,173,2,B13,12,5,2,62,1,1
2008,4,1,13,29,173,2,B14,2,5,1,62,1,1
2008,4,1,14,29,173,2,B22,2,2,1,67,1,2
2008,4,1,15,29,173,2,B24,11,2,1,57,1,2
2008,4,1,16,29,173,2,B25,6,3,1,38,2,2
2008,4,1,17,29,173,2,B26,13,3,1,57,1,2
2008,4,1,18,29,173,2,B29,2,4,1,62,1,2
2008,4,1,19,29,173,2,B32,6,5,1,38,2,2
2008,4,1,20,29,173,4,P1,3,1,1,38,1,1
2008,4,1,21,29,173,4,P4,4,2,1,38,1,1
2008,4,1,22,29,173,4,P6,2,2,1,43,1,1
2008,4,1,23,29,173,4,P10,4,4,2,65,1,1
2008,4,1,24,29,173,4,P16,7,6,1,33,2,1
2008,4,1,25,29,173,4,P23,6,2,2,28,2,2
2008,4,1,26,29,173,4,P23,6,2,2,28,2,2
2008,4,1,27,29,173,4,P33,9,5,1,43,1,2
2008,4,1,1,29,174,1,A4,3,2,2,38,2,1
2008,4,1,2,29,174,4,P5,3,2,1,23,2,1
2008,4,1,3,29,174,4,P2,3,1,1,28,2,1
2008,4,1,4,29,174,4,P16,7,6,1,33,2,1
2008,4,1,5,29,174,4,P17,2,6,2,38,1,1
2008,4,1,6,29,174,4,P21,4,1,1,33,2,2
2008,4,1,7,29,174,4,P34,9,6,2,48,1,2
2008,4,1,8,29,174,4,P34,9,6,2,48,1,2
2008,4,1,9,29,174,4,P34,9,6,2,48,1,2
2008,4,1,10,29,174,4,P34,9,6,2,48,1,2
2008,4,1,11,29,174,4,P49,14,5,1,33,2,3
2008,4,1,12,29,174,4,P26,4,3,1,43,1,2
2008,4,1,1,29,175,2,B2,3,1,2,57,1,1
2008,4,1,1,29,176,2,B10,2,4,1,67,1,1
2008,4,1,1,29,177,4,P3,2,1,1,48,1,1
2008,4,1,2,29,177,1,A33,1,5,1,38,2,2
2008,4,1,3,29,177,1,A30,6,4,1,38,2,2
2008,4,1,4,29,177,4,P3,2,1,1,48,1,1
2008,4,1,1,29,178,4,P39,14,1,1,43,1,3
2008,4,1,2,29,178,1,A10,3,4,1,38,2,1
2008,4,1,1,29,179,2,B6,2,2,1,52,1,1
2008,4,1,2,29,179,2,B29,2,4,1,62,1,2
2008,4,1,3,29,179,2,B30,9,4,1,57,1,2
2008,4,1,1,29,180,1,A15,14,5,2,33,2,1
2008,4,1,1,29,181,3,C36,14,6,1,43,1,2
2008,4,1,2,29,181,3,C21,14,1,1,57,1,2
2008,4,1,3,29,181,3,C40,14,2,2,28,2,3
2008,4,1,4,29,181,3,C44,14,3,1,55,1,3
2008,4,1,5,29,181,2,B11,2,4,1,43,2,1
2008,4,1,6,29,181,1,A17,2,6,1,62,1,1
2008,4,1,7,29,181,1,A2,3,1,1,43,2,1
2008,4,1,8,29,181,4,P5,3,2,1,23,2,1
2008,4,1,9,29,181,4,P7,4,3,2,28,2,1
2008,4,1,10,29,181,4,P43,7,3,2,38,1,3
2008,4,1,11,29,181,4,P72,14,6,1,33,2,4
2008,4,1,12,29,181,4,P73,11,1,2,33,2,5
2008,4,1,13,29,181,1,A2,3,1,1,43,2,1
2008,4,1,14,29,181,1,A17,2,6,1,62,1,1
2008,4,1,1,29,182,4,P6,2,2,1,43,1,1
2008,4,1,2,29,182,4,P9,4,3,2,23,2,1
2008,4,1,3,29,182,4,P5,3,2,1,23,2,1
2008,4,1,4,29,182,4,P4,4,2,1,38,1,1
2008,4,1,5,29,182,4,P14,2,5,2,38,1,1
2008,4,1,6,29,182,4,P15,4,5,2,38,1,1
2008,4,1,7,29,182,4,P17,2,6,2,38,1,1
2008,4,1,8,29,182,4,P11,4,4,2,38,1,1
2008,4,1,9,29,182,4,P9,4,3,2,23,2,1
2008,4,1,1,29,183,1,A1,8,1,1,28,2,1
2008,4,1,2,29,183,1,A2,3,1,1,43,2,1
2008,4,1,3,29,183,1,A3,3,1,1,72,1,1
2008,4,1,4,29,183,1,A4,3,2,2,38,2,1
2008,4,1,5,29,183,1,A5,3,2,1,43,2,1
2008,4,1,6,29,183,1,A6,3,2,1,43,2,1
2008,4,1,7,29,183,1,A7,3,3,1,43,2,1
2008,4,1,8,29,183,1,A9,3,3,1,82,1,1
2008,4,1,9,29,183,2,B1,4,1,1,57,1,1
2008,4,1,10,29,183,2,B2,3,1,2,57,1,1
2008,4,1,11,29,183,2,B9,1,3,1,48,2,1
2008,4,1,12,29,183,2,B8,4,3,2,52,1,1
2008,4,1,13,29,183,2,B7,6,3,1,38,2,1
2008,4,1,14,29,183,2,B5,14,2,2,52,1,1
2008,4,1,15,29,183,2,B4,10,2,1,52,1,1
2008,4,1,16,29,183,2,B3,12,1,1,52,1,1
2008,4,1,17,29,183,3,C1,4,1,2,28,2,1
2008,4,1,18,29,183,3,C5,11,2,1,48,1,1
2008,4,1,1,29,184,1,A1,8,1,1,28,2,1
2008,4,1,2,29,184,1,A11,3,4,1,62,1,1
2008,4,1,3,29,184,1,A6,3,2,1,43,2,1
2008,4,1,4,29,184,1,A17,2,6,1,62,1,1
2008,4,1,5,29,184,1,A16,1,6,1,33,2,1
2008,4,1,6,29,184,1,A15,14,5,2,33,2,1
2008,4,1,7,29,184,1,A12,2,4,1,38,2,1
2008,4,1,8,29,184,1,A19,12,1,2,33,2,2
2008,4,1,9,29,184,1,A21,1,1,1,62,1,2
2008,4,1,10,29,184,1,A34,2,6,1,38,2,2
2008,4,1,11,29,184,1,A33,1,5,1,38,2,2
2008,4,1,12,29,184,1,A30,6,4,1,38,2,2
2008,4,1,13,29,184,1,A31,6,5,2,62,1,2
2008,4,1,14,29,184,1,A37,2,1,1,62,1,3
2008,4,1,15,29,184,3,C5,11,2,1,48,1,1
2008,4,1,16,29,184,3,C8,2,3,2,48,1,1
2008,4,1,17,29,184,3,C18,9,6,1,48,1,1
2008,4,1,18,29,184,3,C24,12,2,1,33,2,2
2008,4,1,19,29,184,3,C25,2,3,1,33,2,2
2008,4,1,20,29,184,3,C30,2,4,2,28,2,2
2008,4,1,21,29,184,3,C35,9,6,1,50,1,2
2008,4,1,22,29,184,3,C37,2,1,1,43,1,3
2008,4,1,23,29,184,3,C38,13,1,1,38,2,3
2008,4,1,24,29,184,3,C41,13,2,1,28,2,3
2008,4,1,25,29,184,3,C43,6,3,2,28,2,3
2008,4,1,26,29,184,3,C45,11,3,1,55,1,3
2008,4,1,27,29,184,3,C46,2,4,1,48,1,3
2008,4,1,28,29,184,3,C48,6,4,1,28,2,3
2008,4,1,29,29,184,3,C49,4,5,2,26,2,3
2008,4,1,30,29,184,3,C50,9,5,2,20,2,3
2008,4,1,31,29,184,3,C51,6,5,1,20,2,3
2008,4,1,32,29,184,4,P1,3,1,1,38,1,1
2008,4,1,33,29,184,4,P7,4,3,2,28,2,1
2008,4,1,34,29,184,4,P12,4,4,1,33,2,1
2008,4,1,35,29,184,4,P13,4,5,1,38,1,1
2008,4,1,36,29,184,4,P15,4,5,2,38,1,1
2008,4,1,37,29,184,4,P23,6,2,2,28,2,2
2008,4,1,38,29,184,4,P38,9,1,1,33,2,3
2008,4,1,39,29,184,4,P39,14,1,1,43,1,3
2008,4,1,40,29,184,4,P40,4,2,1,43,1,3
2008,4,1,41,29,184,4,P41,9,2,2,43,1,3
2008,4,1,42,29,184,4,P57,4,1,1,43,1,4
2008,4,1,43,29,184,4,P59,2,2,2,38,1,4
2008,4,1,44,29,184,4,P67,9,5,1,38,1,4
2008,4,1,1,29,185,4,P4,4,2,1,38,1,1
2008,4,1,2,29,185,4,P8,2,3,1,28,2,1
2008,4,1,1,29,186,1,A4,3,2,2,38,2,1
2008,4,1,2,29,186,1,A12,2,4,1,38,2,1
2008,4,1,3,29,186,3,C29,6,4,2,52,1,2
2008,4,1,4,29,186,3,C30,2,4,2,28,2,2
2008,4,1,5,29,186,3,C40,14,2,2,28,2,3
2008,4,1,6,29,186,3,C49,4,5,2,26,2,3
2008,4,1,7,29,186,3,C50,9,5,2,20,2,3
2008,4,1,8,29,186,4,P8,2,3,1,28,2,1
2008,4,1,9,29,186,4,P43,7,3,2,38,1,3
2008,4,1,10,29,186,4,P71,2,6,2,33,2,4
2008,4,1,11,29,186,4,P72,14,6,1,33,2,4
2008,4,1,1,29,187,3,C48,6,4,1,28,2,3
2008,4,1,2,29,187,3,C52,2,6,1,38,2,3
2008,4,1,3,29,187,3,C30,2,4,2,28,2,2
2008,4,1,4,29,187,3,C24,12,2,1,33,2,2
2008,4,1,5,29,187,4,P38,9,1,1,33,2,3
2008,4,1,6,29,187,4,P40,4,2,1,43,1,3
2008,4,1,7,29,187,4,P43,7,3,2,38,1,3
2008,4,1,8,29,187,4,P57,4,1,1,43,1,4
2008,4,1,9,29,187,4,P41,9,2,2,43,1,3
2008,4,1,1,29,188,1,A5,3,2,1,43,2,1
2008,4,1,2,29,188,1,A1,8,1,1,28,2,1
2008,4,1,3,29,188,1,A3,3,1,1,72,1,1
2008,4,1,4,29,188,1,A6,3,2,1,43,2,1
2008,4,1,5,29,188,1,A9,3,3,1,82,1,1
2008,4,1,6,29,188,1,A10,3,4,1,38,2,1
2008,4,1,7,29,188,1,A11,3,4,1,62,1,1
2008,4,1,8,29,188,1,A12,2,4,1,38,2,1
2008,4,1,9,29,188,1,A13,1,5,1,28,2,1
2008,4,1,10,29,188,1,A32,2,5,1,38,2,2
2008,4,1,11,29,188,1,A33,1,5,1,38,2,2
2008,4,1,12,29,188,1,A33,1,5,1,38,2,2
2008,4,1,13,29,188,1,A33,1,5,1,38,2,2
2008,4,1,14,29,188,2,B4,10,2,1,52,1,1
2008,4,1,15,29,188,2,B31,9,5,1,57,1,2
2008,4,1,16,29,188,1,A33,1,5,1,38,2,2
2008,4,1,17,29,188,1,A30,6,4,1,38,2,2
2008,4,1,1,29,189,1,A12,2,4,1,38,2,1
2008,4,1,2,29,189,1,A7,3,3,1,43,2,1
2008,4,1,1,29,190,3,C13,9,5,1,48,1,1
2008,4,1,2,29,190,3,C46,2,4,1,48,1,3
2008,4,1,3,29,190,3,C51,6,5,1,20,2,3
2008,4,1,4,29,190,4,P6,2,2,1,43,1,1
2008,4,1,5,29,190,4,P2,3,1,1,28,2,1
2008,4,1,1,29,191,3,C56,6,1,2,57,1,4
2008,4,1,1,29,192,2,B10,2,4,1,67,1,1
2008,4,1,2,29,192,1,A1,8,1,1,28,2,1
2008,4,1,3,29,192,1,A2,3,1,1,43,2,1
2008,4,1,4,29,192,1,A3,3,1,1,72,1,1
2008,4,1,5,29,192,1,A5,3,2,1,43,2,1
2008,4,1,6,29,192,1,A9,3,3,1,82,1,1
2008,4,1,7,29,192,1,A10,3,4,1,38,2,1
2008,4,1,8,29,192,1,A12,2,4,1,38,2,1
2008,4,1,9,29,192,1,A17,2,6,1,62,1,1
2008,4,1,10,29,192,1,A15,14,5,2,33,2,1
2008,4,1,11,29,192,2,B4,10,2,1,52,1,1
2008,4,1,12,29,192,2,B9,1,3,1,48,2,1
2008,4,1,13,29,192,2,B14,2,5,1,62,1,1
2008,4,1,14,29,192,3,C21,14,1,1,57,1,2
2008,4,1,15,29,192,3,C44,14,3,1,55,1,3
2008,4,1,16,29,192,3,C53,14,6,1,38,2,3
2008,4,1,17,29,192,3,C54,14,6,1,57,1,3
2008,4,1,18,29,192,1,A34,2,6,1,38,2,2
2008,4,1,19,29,192,1,A39,4,1,1,38,2,3
2008,4,1,1,29,193,3,C16,13,6,1,28,2,1
2008,4,1,2,29,193,3,C5,11,2,1,48,1,1
2008,4,1,3,29,193,3,C32,2,5,1,33,2,2
2008,4,1,4,29,193,3,C19,12,1,1,48,1,2
2008,4,1,5,29,193,1,A15,14,5,2,33,2,1
2008,4,1,6,29,193,1,A17,2,6,1,62,1,1
2008,4,1,1,29,194,3,C17,14,6,1,48,1,1
2008,4,1,2,29,194,3,C5,11,2,1,48,1,1
2008,4,1,3,29,194,3,C3,6,1,2,23,2,1
2008,4,1,4,29,194,3,C33,14,5,1,48,1,2
2008,4,1,5,29,194,3,C27,11,3,1,48,1,2
2008,4,1,6,29,194,3,C40,14,2,2,28,2,3
2008,4,1,7,29,194,3,C43,6,3,2,28,2,3
2008,4,1,8,29,194,4,P23,6,2,2,28,2,2
2008,4,1,9,29,194,4,P42,6,2,2,28,2,3
2008,4,1,10,29,194,4,P46,14,4,1,28,2,3
2008,4,1,11,29,194,4,P48,9,4,2,33,2,3
2008,4,1,12,29,194,2,B9,1,3,1,48,2,1
2008,4,1,1,29,195,3,C11,7,4,1,33,2,1
2008,4,1,2,29,195,1,A5,3,2,1,43,2,1
2008,4,1,3,29,195,1,A16,1,6,1,33,2,1
2008,4,1,4,29,195,1,A10,3,4,1,38,2,1
2008,4,1,5,29,195,4,P4,4,2,1,38,1,1
2008,4,1,6,29,195,4,P17,2,6,2,38,1,1
2008,4,1,7,29,195,4,P70,6,6,2,38,1,4
2008,4,1,1,29,196,4,P6,2,2,1,43,1,1
2008,4,1,2,29,196,4,P12,4,4,1,33,2,1
2008,4,1,3,29,196,3,C5,11,2,1,48,1,1
2008,4,1,4,29,196,3,C7,13,3,1,48,1,1
2008,4,1,5,29,196,3,C17,14,6,1,48,1,1
2008,4,1,6,29,196,3,C1,4,1,2,28,2,1
2008,4,1,7,29,196,3,C59,5,2,2,52,1,4
2008,4,1,8,29,196,3,C57,5,1,2,33,2,4
2008,4,1,9,29,196,3,C22,11,2,2,43,1,2
2008,4,1,10,29,196,3,C27,11,3,1,48,1,2
2008,4,1,11,29,196,3,C33,14,5,1,48,1,2
2008,4,1,12,29,196,3,C25,2,3,1,33,2,2
2008,4,1,13,29,196,3,C24,12,2,1,33,2,2
2008,4,1,14,29,196,3,C35,9,6,1,50,1,2
2008,4,1,15,29,196,3,C41,13,2,1,28,2,3
2008,4,1,16,29,196,2,B10,2,4,1,67,1,1
2008,4,1,17,29,196,2,B13,12,5,2,62,1,1
2008,4,1,18,29,196,2,B24,11,2,1,57,1,2
2008,4,1,19,29,196,2,B23,7,2,1,38,2,2
2008,4,1,20,29,196,2,B30,9,4,1,57,1,2
2008,4,1,21,29,196,2,B19,13,1,1,38,2,2
2008,4,1,22,29,196,2,B19,13,1,1,38,2,2
2008,4,1,23,29,196,2,B33,6,5,2,33,2,2
2008,4,1,24,29,196,4,P6,2,2,1,43,1,1
2008,4,1,25,29,196,4,P20,7,1,1,23,2,2
2008,4,1,26,29,196,4,P20,7,1,1,23,2,2
2008,4,1,27,29,196,4,P33,9,5,1,43,1,2
2008,4,1,28,29,196,4,P44,11,3,2,28,2,3
2008,4,1,29,29,196,4,P52,11,6,2,23,2,3
2008,4,1,30,29,196,4,P64,12,4,2,28,2,4
2008,4,1,31,29,196,4,P57,4,1,1,43,1,4
2008,4,1,1,9,197,1,A15,14,5,2,33,2,1
2008,4,1,2,9,197,2,B4,10,2,1,52,1,1
2008,4,1,3,9,197,2,B7,6,3,1,38,2,1
2008,4,1,4,9,197,3,C5,11,2,1,48,1,1
2008,4,1,5,9,197,3,C1,4,1,2,28,2,1
2008,4,1,6,9,197,1,A11,3,4,1,62,1,1
2008,4,1,7,9,197,1,A10,3,4,1,38,2,1
2008,4,1,8,9,197,2,B13,12,5,2,62,1,1
2008,4,1,1,29,198,3,C13,9,5,1,48,1,1
2008,4,1,2,29,198,3,C4,4,2,1,48,1,1
2008,4,1,3,29,198,2,B1,4,1,1,57,1,1
2008,4,1,4,29,198,2,B11,2,4,1,43,2,1
2008,4,1,5,29,198,4,P15,4,5,2,38,1,1
2008,4,1,1,29,199,3,C7,13,3,1,48,1,1
2008,4,1,1,29,200,1,A1,8,1,1,28,2,1
2008,4,1,2,29,200,1,A5,3,2,1,43,2,1
2008,4,1,3,29,200,1,A9,3,3,1,82,1,1
2008,4,1,4,29,200,1,A6,3,2,1,43,2,1
2008,4,1,5,29,200,1,A10,3,4,1,38,2,1
2008,4,1,6,29,200,3,C51,6,5,1,20,2,3
2008,4,1,1,29,201,2,B23,7,2,1,38,2,2
2008,4,1,2,29,201,2,B30,9,4,1,57,1,2
2008,4,1,3,29,201,2,B25,6,3,1,38,2,2
2008,4,1,4,29,201,2,B34,2,6,1,48,2,2
2008,4,1,5,29,201,2,B19,13,1,1,38,2,2
2008,4,1,6,29,201,2,B28,9,4,1,38,2,2
2008,4,1,7,29,201,1,A15,14,5,2,33,2,1
2008,4,1,8,29,201,1,A31,6,5,2,62,1,2
2008,4,1,9,29,201,1,A33,1,5,1,38,2,2
2008,4,1,10,29,201,1,A40,4,2,2,38,2,3
2008,4,1,11,29,201,1,A42,6,2,1,28,2,3
2008,4,1,12,29,201,3,C8,2,3,2,48,1,1
2008,4,1,13,29,201,2,B23,7,2,1,38,2,2
2008,4,1,14,29,201,3,C33,14,5,1,48,1,2
2008,4,1,15,29,201,3,C26,14,3,1,28,2,2
2008,4,1,16,29,201,3,C36,14,6,1,43,1,2
2008,4,1,17,29,201,3,C23,3,2,1,43,1,2
2008,4,1,18,29,201,3,C34,7,6,1,48,1,2
2008,4,1,19,29,201,3,C42,7,2,1,28,2,3
2008,4,1,20,29,201,3,C50,9,5,2,20,2,3
2008,4,1,21,29,201,3,C49,4,5,2,26,2,3
2008,4,1,22,29,201,3,C40,14,2,2,28,2,3
2008,4,1,23,29,201,4,P16,7,6,1,33,2,1
2008,4,1,24,29,201,4,P15,4,5,2,38,1,1
2008,4,1,25,29,201,4,P33,9,5,1,43,1,2
2008,4,1,26,29,201,4,P20,7,1,1,23,2,2
2008,4,1,27,29,201,4,P65,9,4,2,43,1,4
2008,4,1,28,29,201,2,B23,7,2,1,38,2,2
2008,4,1,29,29,201,2,B23,7,2,1,38,2,2
2008,4,1,30,29,201,2,B11,2,4,1,43,2,1
2008,4,1,1,29,202,2,B10,2,4,1,67,1,1
2008,4,1,2,29,202,2,B14,2,5,1,62,1,1
2008,4,1,3,29,202,2,B16,12,6,1,52,1,1
2008,4,1,4,29,202,2,B4,10,2,1,52,1,1
2008,4,1,1,29,203,2,B11,2,4,1,43,2,1
2008,4,1,2,29,203,2,B12,2,4,1,38,2,1
2008,4,1,3,29,203,2,B17,6,6,2,38,2,1
2008,4,1,1,29,204,3,C16,13,6,1,28,2,1
2008,4,1,1,29,205,2,B25,6,3,1,38,2,2
2008,4,1,2,29,205,2,B1,4,1,1,57,1,1
2008,4,1,1,29,206,2,B4,10,2,1,52,1,1
2008,4,1,2,29,206,2,B9,1,3,1,48,2,1
2008,4,1,3,29,206,2,B11,2,4,1,43,2,1
2008,4,1,4,29,206,2,B10,2,4,1,67,1,1
2008,4,1,5,29,206,2,B12,2,4,1,38,2,1
2008,4,1,6,29,206,2,B14,2,5,1,62,1,1
2008,4,1,7,29,206,2,B15,9,5,1,38,2,1
2008,4,1,8,29,206,1,A10,3,4,1,38,2,1
2008,4,1,9,29,206,1,A16,1,6,1,33,2,1
2008,4,1,10,29,206,1,A21,1,1,1,62,1,2
2008,4,1,1,29,207,3,C12,14,4,1,43,1,1
2008,4,1,2,29,207,3,C5,11,2,1,48,1,1
2008,4,1,3,29,207,3,C11,7,4,1,33,2,1
2008,4,1,4,29,207,4,P6,2,2,1,43,1,1
2008,4,1,5,29,207,3,C13,9,5,1,48,1,1
2008,4,1,6,29,207,3,C12,14,4,1,43,1,1
2008,4,1,7,29,207,3,C5,11,2,1,48,1,1
2008,4,1,8,29,207,2,B8,4,3,2,52,1,1
2008,4,1,9,29,207,1,A15,14,5,2,33,2,1
2008,4,1,10,29,207,3,C14,9,5,1,23,2,1
2008,4,1,11,29,207,3,C17,14,6,1,48,1,1
2008,4,1,1,29,208,1,A4,3,2,2,38,2,1
2008,4,1,1,29,209,1,A17,2,6,1,62,1,1
2008,4,1,1,29,210,1,A1,8,1,1,28,2,1
2008,4,1,2,29,210,1,A4,3,2,2,38,2,1
2008,4,1,3,29,210,1,A11,3,4,1,62,1,1
2008,4,1,4,29,210,1,A12,2,4,1,38,2,1
2008,4,1,5,29,210,1,A13,1,5,1,28,2,1
2008,4,1,6,29,210,1,A15,14,5,2,33,2,1
2008,4,1,7,29,210,1,A2,3,1,1,43,2,1
2008,4,1,8,29,210,1,A10,3,4,1,38,2,1
2008,4,1,9,29,210,1,A17,2,6,1,62,1,1
2008,4,1,10,29,210,2,B3,12,1,1,52,1,1
2008,4,1,11,29,210,4,P11,4,4,2,38,1,1
2008,4,1,1,29,211,2,B26,13,3,1,57,1,2
2008,4,1,2,29,211,2,B27,2,3,1,57,1,2
2008,4,1,3,29,211,2,B25,6,3,1,38,2,2
2008,4,1,4,29,211,2,B32,6,5,1,38,2,2
2008,4,1,5,29,211,1,A4,3,2,2,38,2,1
2008,4,1,6,29,211,1,A6,3,2,1,43,2,1
2008,4,1,7,29,211,1,A5,3,2,1,43,2,1
2008,4,1,8,29,211,1,A9,3,3,1,82,1,1
2008,4,1,9,29,211,1,A10,3,4,1,38,2,1
2008,4,1,10,29,211,1,A12,2,4,1,38,2,1
2008,4,1,11,29,211,1,A8,3,3,1,62,1,1
2008,4,1,12,29,211,1,A27,3,3,1,55,1,2
2008,4,1,13,29,211,1,A42,6,2,1,28,2,3
2008,4,1,14,29,211,3,C6,6,2,1,33,2,1
2008,4,1,15,29,211,3,C5,11,2,1,48,1,1
2008,4,1,16,29,211,3,C7,13,3,1,48,1,1
2008,4,1,17,29,211,3,C29,6,4,2,52,1,2
2008,4,1,18,29,211,3,C28,2,4,2,48,1,2
2008,4,1,19,29,211,3,C51,6,5,1,20,2,3
2008,4,1,1,29,212,1,A15,14,5,2,33,2,1
2008,4,1,2,29,212,3,C2,12,1,1,43,1,1
2008,4,1,3,29,212,3,C7,13,3,1,48,1,1
2008,4,1,4,29,212,4,P1,3,1,1,38,1,1
2008,4,1,5,29,212,4,P12,4,4,1,33,2,1
2008,4,1,6,29,212,4,P17,2,6,2,38,1,1
2008,4,1,7,29,212,4,P33,9,5,1,43,1,2
2008,4,1,8,29,212,4,P38,9,1,1,33,2,3
2008,4,1,9,29,212,4,P38,9,1,1,33,2,3
2008,4,1,10,29,212,4,P41,9,2,2,43,1,3
2008,4,1,11,29,212,4,P67,9,5,1,38,1,4
2008,4,1,12,29,212,4,P67,9,5,1,38,1,4
2008,4,1,13,29,212,4,P5,3,2,1,23,2,1
2008,4,1,14,29,212,4,P36,2,6,1,43,1,2
2008,4,1,15,29,212,4,P2,3,1,1,28,2,1
2008,4,1,16,29,212,4,P41,9,2,2,43,1,3
2008,4,1,17,29,212,4,P15,4,5,2,38,1,1
2008,4,1,18,29,212,4,P67,9,5,1,38,1,4
2008,4,1,19,29,212,4,P59,2,2,2,38,1,4
2008,4,1,20,29,212,4,P40,4,2,1,43,1,3
2008,4,1,21,29,212,4,P67,9,5,1,38,1,4
2008,4,1,22,29,212,4,P67,9,5,1,38,1,4
2008,4,1,23,29,212,4,P1,3,1,1,38,1,1
2008,4,1,24,29,212,4,P61,1,3,2,28,2,4
2008,4,1,25,29,212,4,P51,9,5,1,28,2,3
2008,4,1,1,29,213,4,P4,4,2,1,38,1,1
2008,4,1,2,29,213,4,P23,6,2,2,28,2,2
2008,4,1,3,29,213,1,A16,1,6,1,33,2,1
2008,4,1,4,29,213,1,A21,1,1,1,62,1,2
2008,4,1,5,29,213,1,A21,1,1,1,62,1,2
2008,4,1,6,29,213,1,A11,3,4,1,62,1,1
2008,4,1,7,29,213,1,A21,1,1,1,62,1,2
2008,4,1,8,29,213,1,A30,6,4,1,38,2,2
2008,4,1,9,29,213,3,C9,6,3,1,48,1,1
2008,4,1,10,29,213,2,B4,10,2,1,52,1,1
2008,4,1,1,29,214,2,B4,10,2,1,52,1,1
2008,4,1,2,29,214,2,B5,14,2,2,52,1,1
2008,4,1,3,29,214,2,B9,1,3,1,48,2,1
2008,4,1,4,29,214,2,B34,2,6,1,48,2,2
2008,4,1,5,29,214,2,B4,10,2,1,52,1,1
2008,4,1,6,29,214,2,B9,1,3,1,48,2,1
2008,4,1,1,29,215,4,P29,5,4,2,33,2,2
2008,4,1,2,29,215,2,B4,10,2,1,52,1,1
2008,4,1,3,29,215,2,B32,6,5,1,38,2,2
2008,4,1,4,29,215,2,B24,11,2,1,57,1,2
2008,4,1,5,29,215,2,B32,6,5,1,38,2,2
2008,4,1,6,29,215,2,B34,2,6,1,48,2,2
2008,4,1,1,29,216,1,A15,14,5,2,33,2,1
2008,4,1,2,29,216,1,A18,4,6,1,38,2,1
2008,4,1,3,29,216,1,A17,2,6,1,62,1,1
2008,4,1,4,29,216,1,A14,3,5,1,60,1,1
2008,4,1,5,29,216,1,A2,3,1,1,43,2,1
2008,4,1,6,29,216,1,A32,2,5,1,38,2,2
2008,4,1,1,29,217,1,A11,3,4,1,62,1,1
2008,4,1,2,29,217,1,A12,2,4,1,38,2,1
2008,4,1,3,29,217,1,A15,14,5,2,33,2,1
2008,4,1,4,29,217,1,A17,2,6,1,62,1,1
2008,4,1,5,29,217,1,A33,1,5,1,38,2,2
2008,4,1,6,29,217,1,A40,4,2,2,38,2,3
2008,4,1,7,29,217,1,A37,2,1,1,62,1,3
2008,4,1,1,29,218,3,C24,12,2,1,33,2,2
2008,4,1,2,29,218,3,C48,6,4,1,28,2,3
2008,4,1,3,29,218,3,C47,13,4,2,18,2,3
2008,4,1,4,29,218,3,C21,14,1,1,57,1,2
2008,4,1,5,29,218,3,C5,11,2,1,48,1,1
2008,4,1,6,29,218,3,C7,13,3,1,48,1,1
2008,4,1,7,29,218,3,C20,13,1,2,48,1,2
2008,4,1,8,29,218,3,C47,13,4,2,18,2,3
2008,4,1,9,29,218,3,C10,9,4,2,28,2,1
2008,4,1,10,29,218,3,C21,14,1,1,57,1,2
2008,4,1,11,29,218,3,C48,6,4,1,28,2,3
2008,4,1,1,29,219,4,P6,2,2,1,43,1,1
2008,4,1,2,29,219,4,P1,3,1,1,38,1,1
2008,4,1,1,29,220,4,P1,3,1,1,38,1,1
2008,4,1,2,29,220,3,C17,14,6,1,48,1,1
2008,4,1,3,29,220,1,A11,3,4,1,62,1,1
2008,4,1,4,29,220,2,B4,10,2,1,52,1,1
2008,4,1,5,29,220,2,B3,12,1,1,52,1,1
2008,4,1,6,29,220,2,B4,10,2,1,52,1,1
2008,4,1,7,29,220,1,A11,3,4,1,62,1,1
2008,4,1,8,29,220,4,P14,2,5,2,38,1,1
2008,4,1,9,29,220,3,C40,14,2,2,28,2,3
2008,4,1,10,29,220,2,B4,10,2,1,52,1,1
2008,4,1,11,29,220,1,A11,3,4,1,62,1,1
2008,4,1,12,29,220,1,A4,3,2,2,38,2,1
2008,4,1,13,29,220,3,C26,14,3,1,28,2,2
2008,4,1,14,29,220,3,C40,14,2,2,28,2,3
2008,4,1,15,29,220,4,P6,2,2,1,43,1,1
2008,4,1,16,29,220,3,C26,14,3,1,28,2,2
2008,4,1,17,29,220,3,C29,6,4,2,52,1,2
2008,4,1,18,29,220,2,B4,10,2,1,52,1,1
2008,4,1,19,29,220,1,A11,3,4,1,62,1,1
2008,4,1,20,29,220,1,A3,3,1,1,72,1,1
2008,4,1,21,29,220,1,A7,3,3,1,43,2,1
2008,4,1,22,29,220,2,B4,10,2,1,52,1,1
2008,4,1,23,29,220,2,B24,11,2,1,57,1,2
2008,4,1,24,29,220,1,A11,3,4,1,62,1,1
2008,4,1,25,29,220,1,A9,3,3,1,82,1,1
2008,4,1,26,29,220,3,C26,14,3,1,28,2,2
2008,4,1,27,29,220,3,C40,14,2,2,28,2,3
2008,4,1,28,29,220,3,C54,14,6,1,57,1,3
2008,4,1,29,29,220,2,B15,9,5,1,38,2,1
2008,4,1,30,29,220,4,P4,4,2,1,38,1,1
2008,4,1,31,29,220,4,P1,3,1,1,38,1,1
2008,4,1,1,29,221,3,C11,7,4,1,33,2,1
2008,4,1,2,29,221,3,C4,4,2,1,48,1,1
2008,4,1,1,29,222,1,A1,8,1,1,28,2,1
2008,4,1,2,29,222,1,A15,14,5,2,33,2,1
2008,4,1,3,29,222,1,A18,4,6,1,38,2,1
2008,4,1,4,29,222,1,A11,3,4,1,62,1,1
2008,4,1,5,29,222,1,A17,2,6,1,62,1,1
2008,4,1,6,29,222,2,B23,7,2,1,38,2,2
2008,4,1,7,29,222,4,P3,2,1,1,48,1,1
2008,4,1,8,29,222,4,P15,4,5,2,38,1,1
2008,4,1,9,29,222,1,A2,3,1,1,43,2,1
2008,4,1,1,44,223,3,C11,7,4,1,33,2,1
2008,4,1,1,44,224,3,C1,4,1,2,28,2,1
2008,4,1,1,29,225,3,C4,4,2,1,48,1,1
2008,4,1,2,29,225,3,C25,2,3,1,33,2,2
2008,4,1,3,29,225,3,C30,2,4,2,28,2,2
2008,4,1,4,29,225,3,C48,6,4,1,28,2,3
2008,4,1,5,29,225,3,C57,5,1,2,33,2,4
2008,4,1,6,29,225,3,C59,5,2,2,52,1,4
2008,4,1,1,29,226,3,C6,6,2,1,33,2,1
2008,4,1,2,29,226,3,C21,14,1,1,57,1,2
2008,4,1,3,29,226,2,B12,2,4,1,38,2,1
2008,4,1,4,29,226,2,B34,2,6,1,48,2,2
2008,4,1,1,29,227,2,B4,10,2,1,52,1,1
2008,4,1,1,29,228,1,A5,3,2,1,43,2,1
2008,4,1,2,29,228,3,C6,6,2,1,33,2,1
2008,4,1,1,29,229,1,A2,3,1,1,43,2,1
2008,4,1,2,29,229,1,A3,3,1,1,72,1,1
2008,4,1,3,29,229,1,A5,3,2,1,43,2,1
2008,4,1,4,29,229,1,A6,3,2,1,43,2,1
2008,4,1,5,29,229,1,A7,3,3,1,43,2,1
2008,4,1,6,29,229,1,A8,3,3,1,62,1,1
2008,4,1,7,29,229,1,A9,3,3,1,82,1,1
2008,4,1,8,29,229,1,A10,3,4,1,38,2,1
2008,4,1,9,29,229,1,A11,3,4,1,62,1,1
2008,4,1,10,29,229,1,A12,2,4,1,38,2,1
2008,4,1,11,29,229,1,A14,3,5,1,60,1,1
2008,4,1,12,29,229,1,A2,3,1,1,43,2,1
2008,4,1,13,29,229,3,C14,9,5,1,23,2,1
2008,4,1,1,29,230,2,B16,12,6,1,52,1,1
2008,4,1,2,29,230,2,B8,4,3,2,52,1,1
2008,4,1,3,29,230,2,B16,12,6,1,52,1,1
2008,4,1,4,29,230,2,B4,10,2,1,52,1,1
2008,4,1,5,29,230,2,B10,2,4,1,67,1,1
2008,4,1,6,29,230,2,B3,12,1,1,52,1,1
2008,4,1,7,29,230,2,B13,12,5,2,62,1,1
2008,4,1,8,29,230,4,P16,7,6,1,33,2,1
2008,4,1,9,29,230,4,P1,3,1,1,38,1,1
2008,4,1,10,29,230,4,P14,2,5,2,38,1,1
2008,4,1,11,29,230,4,P15,4,5,2,38,1,1
2008,4,1,1,29,231,2,B10,2,4,1,67,1,1
2008,4,1,2,29,231,2,B8,4,3,2,52,1,1
2008,4,1,3,29,231,2,B5,14,2,2,52,1,1
2008,4,1,4,29,231,3,C53,14,6,1,38,2,3
2008,4,1,5,29,231,3,C48,6,4,1,28,2,3
2008,4,1,6,29,231,3,C47,13,4,2,18,2,3
2008,4,1,7,29,231,3,C37,2,1,1,43,1,3
2008,4,1,8,29,231,3,C49,4,5,2,26,2,3
2008,4,1,9,29,231,3,C41,13,2,1,28,2,3
2008,4,1,1,29,232,4,P15,4,5,2,38,1,1
2008,4,1,2,29,232,4,P51,9,5,1,28,2,3
2008,4,1,3,29,232,2,B10,2,4,1,67,1,1
2008,4,1,4,29,232,2,B31,9,5,1,57,1,2
2008,4,1,5,29,232,2,B24,11,2,1,57,1,2
2008,4,1,6,29,232,1,A31,6,5,2,62,1,2
2008,4,1,7,29,232,3,C40,14,2,2,28,2,3
2008,4,1,1,29,233,1,A16,1,6,1,33,2,1
2008,4,1,2,29,233,1,A13,1,5,1,28,2,1
2008,4,1,3,29,233,1,A33,1,5,1,38,2,2
2008,4,1,4,29,233,1,A30,6,4,1,38,2,2
2008,4,1,5,29,233,4,P16,7,6,1,33,2,1
2008,4,1,6,29,233,4,P12,4,4,1,33,2,1
2008,4,1,1,29,234,4,P14,2,5,2,38,1,1
2008,4,1,2,29,234,3,C4,4,2,1,48,1,1
2008,4,1,3,29,234,3,C9,6,3,1,48,1,1
2008,4,1,4,29,234,3,C33,14,5,1,48,1,2
2008,4,1,5,29,234,3,C35,9,6,1,50,1,2
2008,4,1,6,29,234,3,C30,2,4,2,28,2,2
2008,4,1,7,29,234,3,C32,2,5,1,33,2,2
2008,4,1,8,29,234,3,C42,7,2,1,28,2,3
2008,4,1,9,29,234,3,C50,9,5,2,20,2,3
2008,4,1,1,29,235,1,A16,1,6,1,33,2,1
2008,4,1,2,29,235,3,C3,6,1,2,23,2,1
2008,4,1,3,29,235,3,C17,14,6,1,48,1,1
2008,4,1,1,29,236,3,C14,9,5,1,23,2,1
2008,4,1,2,29,236,2,B6,2,2,1,52,1,1
2008,4,1,3,29,236,2,B9,1,3,1,48,2,1
2008,4,1,4,29,236,2,B9,1,3,1,48,2,1
2008,4,1,5,29,236,2,B27,2,3,1,57,1,2
2008,4,1,6,29,236,2,B23,7,2,1,38,2,2
2008,4,1,7,29,236,2,B3,12,1,1,52,1,1
2008,4,1,8,29,236,3,C14,9,5,1,23,2,1
2008,4,1,9,29,236,3,C24,12,2,1,33,2,2
2008,4,1,10,29,236,3,C40,14,2,2,28,2,3
2008,4,1,11,29,236,3,C52,2,6,1,38,2,3
2008,4,1,12,29,236,3,C53,14,6,1,38,2,3
2008,4,1,13,29,236,4,P39,14,1,1,43,1,3
2008,4,1,14,29,236,1,A19,12,1,2,33,2,2
2008,4,1,1,29,237,1,A11,3,4,1,62,1,1
2008,4,1,2,29,237,1,A2,3,1,1,43,2,1
2008,4,1,1,29,238,3,C19,12,1,1,48,1,2
2008,4,1,2,29,238,4,P23,6,2,2,28,2,2
2008,4,1,3,29,238,4,P82,6,4,2,48,1,5
2008,4,1,4,29,238,2,B10,2,4,1,67,1,1
2008,4,1,1,29,239,2,B1,4,1,1,57,1,1
2008,4,1,2,29,239,2,B16,12,6,1,52,1,1
2008,4,1,3,29,239,2,B23,7,2,1,38,2,2
2008,4,1,4,29,239,2,B25,6,3,1,38,2,2
2008,4,1,5,29,239,2,B15,9,5,1,38,2,1
2008,4,1,6,29,239,4,P9,4,3,2,23,2,1
2008,4,1,7,29,239,4,P23,6,2,2,28,2,2
2008,4,1,8,29,239,4,P63,14,3,2,28,2,4
2008,4,1,9,29,239,4,P82,6,4,2,48,1,5
2008,4,1,10,29,239,3,C21,14,1,1,57,1,2
2008,4,1,11,29,239,3,C19,12,1,1,48,1,2
2008,4,1,12,29,239,4,P5,3,2,1,23,2,1
2008,4,1,13,29,239,4,P16,7,6,1,33,2,1
2008,4,1,14,29,239,4,P18,2,6,1,28,2,1
2008,4,1,15,29,239,4,P29,5,4,2,33,2,2
2008,4,1,16,29,239,4,P26,4,3,1,43,1,2
2008,4,1,17,29,239,4,P50,6,5,2,33,2,3
2008,4,1,18,29,239,4,P60,14,2,1,28,2,4
2008,4,1,19,29,239,4,P61,1,3,2,28,2,4
2008,4,1,20,29,239,4,P63,14,3,2,28,2,4
2008,4,1,21,29,239,4,P70,6,6,2,38,1,4
2008,4,1,22,29,239,4,P74,12,1,2,33,2,5
2008,4,1,23,29,239,4,P78,14,2,2,48,1,5
2008,4,1,24,29,239,4,P82,6,4,2,48,1,5
2008,4,1,25,29,239,2,B4,10,2,1,52,1,1
2008,4,1,26,29,239,2,B16,12,6,1,52,1,1
2008,4,1,27,29,239,2,B25,6,3,1,38,2,2
2008,4,1,28,29,239,2,B24,11,2,1,57,1,2
2008,4,1,29,29,239,3,C40,14,2,2,28,2,3
2008,4,1,30,29,239,3,C54,14,6,1,57,1,3
2008,4,1,31,29,239,3,C50,9,5,2,20,2,3
2008,4,1,1,29,240,3,C53,14,6,1,38,2,3
2008,4,1,2,29,240,2,B9,1,3,1,48,2,1
2008,4,1,3,29,240,2,B16,12,6,1,52,1,1
2008,4,1,1,29,241,1,A12,2,4,1,38,2,1
2008,4,1,1,29,242,2,B1,4,1,1,57,1,1
2008,4,1,2,29,242,2,B3,12,1,1,52,1,1
2008,4,1,3,29,242,2,B6,2,2,1,52,1,1
2008,4,1,4,29,242,2,B12,2,4,1,38,2,1
2008,4,1,5,29,242,2,B10,2,4,1,67,1,1
2008,4,1,6,29,242,2,B31,9,5,1,57,1,2
2008,4,1,7,29,242,2,B30,9,4,1,57,1,2
2008,4,1,8,29,242,2,B25,6,3,1,38,2,2
2008,4,1,9,29,242,3,C42,7,2,1,28,2,3
2008,4,1,10,29,242,3,C50,9,5,2,20,2,3
2008,4,1,1,29,243,4,P60,14,2,1,28,2,4
2008,4,1,1,29,244,1,A1,8,1,1,28,2,1
2008,4,1,2,29,244,1,A9,3,3,1,82,1,1
2008,4,1,3,29,244,1,A5,3,2,1,43,2,1
2008,4,1,4,29,244,1,A6,3,2,1,43,2,1
2008,4,1,5,29,244,1,A8,3,3,1,62,1,1
2008,4,1,6,29,244,1,A9,3,3,1,82,1,1
2008,4,1,7,29,244,1,A12,2,4,1,38,2,1
2008,4,1,8,29,244,1,A24,2,2,1,48,1,2
2008,4,1,9,29,244,1,A21,1,1,1,62,1,2
2008,4,1,10,29,244,3,C49,4,5,2,26,2,3
2008,4,1,11,29,244,4,P70,6,6,2,38,1,4
2008,4,1,12,29,244,4,P39,14,1,1,43,1,3
2008,4,1,13,29,244,4,P39,14,1,1,43,1,3
2008,4,1,14,29,244,4,P48,9,4,2,33,2,3
2008,4,1,1,29,245,2,B17,6,6,2,38,2,1
2008,4,1,2,29,245,3,C5,11,2,1,48,1,1
2008,4,1,3,29,245,3,C2,12,1,1,43,1,1
2008,4,1,4,29,245,3,C27,11,3,1,48,1,2
2008,4,1,1,29,246,2,B2,3,1,2,57,1,1
2008,4,1,1,29,247,3,C1,4,1,2,28,2,1
2008,4,1,2,29,247,3,C2,12,1,1,43,1,1
2008,4,1,3,29,247,3,C3,6,1,2,23,2,1
2008,4,1,4,29,247,3,C4,4,2,1,48,1,1
2008,4,1,5,29,247,3,C5,11,2,1,48,1,1
2008,4,1,6,29,247,3,C6,6,2,1,33,2,1
2008,4,1,7,29,247,3,C7,13,3,1,48,1,1
2008,4,1,8,29,247,3,C9,6,3,1,48,1,1
2008,4,1,9,29,247,3,C19,12,1,1,48,1,2
2008,4,1,10,29,247,3,C20,13,1,2,48,1,2
2008,4,1,11,29,247,3,C21,14,1,1,57,1,2
2008,4,1,12,29,247,3,C22,11,2,2,43,1,2
2008,4,1,13,29,247,3,C23,3,2,1,43,1,2
2008,4,1,14,29,247,3,C24,12,2,1,33,2,2
2008,4,1,15,29,247,3,C27,11,3,1,48,1,2
2008,4,1,16,29,247,1,A1,8,1,1,28,2,1
2008,4,1,1,29,248,3,C5,11,2,1,48,1,1
2008,4,1,2,29,248,3,C14,9,5,1,23,2,1
2008,4,1,3,29,248,1,A4,3,2,2,38,2,1
2008,4,1,4,29,248,2,B4,10,2,1,52,1,1
2008,4,1,5,29,248,2,B15,9,5,1,38,2,1
2008,4,1,6,29,248,2,B27,2,3,1,57,1,2
2008,4,1,7,29,248,4,P18,2,6,1,28,2,1
2008,4,1,8,29,248,4,P1,3,1,1,38,1,1
2008,4,1,9,29,248,4,P39,14,1,1,43,1,3
2008,4,1,1,29,249,4,P23,6,2,2,28,2,2
2008,4,1,2,29,249,4,P59,2,2,2,38,1,4
2008,4,1,3,29,249,4,P69,9,5,1,43,1,4
2008,4,1,1,28,250,1,A12,2,4,1,38,2,1
2008,4,1,2,28,250,1,A6,3,2,1,43,2,1
2008,4,1,3,28,250,1,A10,3,4,1,38,2,1
2008,4,1,4,28,250,1,A11,3,4,1,62,1,1
2008,4,1,5,28,250,1,A9,3,3,1,82,1,1
2008,4,1,6,28,250,1,A6,3,2,1,43,2,1
2008,4,1,7,28,250,3,C5,11,2,1,48,1,1
2008,4,1,8,28,250,4,P15,4,5,2,38,1,1
2008,4,1,9,28,250,4,P3,2,1,1,48,1,1
2008,4,1,10,28,250,4,P1,3,1,1,38,1,1
2008,4,1,11,28,250,4,P1,3,1,1,38,1,1
2008,4,1,1,29,251,2,B21,12,1,1,67,1,2
2008,4,1,2,29,251,2,B24,11,2,1,57,1,2
2008,4,1,1,29,252,2,B13,12,5,2,62,1,1
2008,4,1,2,29,252,2,B13,12,5,2,62,1,1
2008,4,1,1,9,253,1,A2,3,1,1,43,2,1
2008,4,1,2,9,253,1,A3,3,1,1,72,1,1
2008,4,1,3,9,253,1,A9,3,3,1,82,1,1
2008,4,1,4,9,253,1,A5,3,2,1,43,2,1
2008,4,1,5,9,253,1,A6,3,2,1,43,2,1
2008,4,1,6,9,253,1,A7,3,3,1,43,2,1
2008,4,1,7,9,253,1,A8,3,3,1,62,1,1
2008,4,1,8,9,253,1,A10,3,4,1,38,2,1
2008,4,1,9,9,253,1,A15,14,5,2,33,2,1
2008,4,1,10,9,253,1,A15,14,5,2,33,2,1
2008,4,1,11,9,253,1,A16,1,6,1,33,2,1
2008,4,1,12,9,253,1,A9,3,3,1,82,1,1
2008,4,1,13,9,253,1,A21,1,1,1,62,1,2
2008,4,1,14,9,253,1,A22,4,2,1,62,1,2
2008,4,1,15,9,253,1,A31,6,5,2,62,1,2
2008,4,1,16,9,253,1,A35,14,6,2,33,2,2
2008,4,1,17,9,253,1,A37,2,1,1,62,1,3
2008,4,1,18,9,253,2,B2,3,1,2,57,1,1
2008,4,1,19,9,253,2,B4,10,2,1,52,1,1
2008,4,1,20,9,253,2,B32,6,5,1,38,2,2
2008,4,1,21,9,253,3,C41,13,2,1,28,2,3
2008,4,1,22,9,253,3,C41,13,2,1,28,2,3
2008,4,1,23,9,253,3,C41,13,2,1,28,2,3
2008,4,1,24,9,253,3,C17,14,6,1,48,1,1
2008,4,1,25,9,253,1,A9,3,3,1,82,1,1
2008,4,1,1,29,254,1,A11,3,4,1,62,1,1
2008,4,1,2,29,254,1,A1,8,1,1,28,2,1
2008,4,1,3,29,254,1,A9,3,3,1,82,1,1
2008,4,1,4,29,254,1,A6,3,2,1,43,2,1
2008,4,1,5,29,254,1,A8,3,3,1,62,1,1
2008,4,1,6,29,254,1,A17,2,6,1,62,1,1
2008,4,1,7,29,254,1,A7,3,3,1,43,2,1
2008,4,1,8,29,254,1,A14,3,5,1,60,1,1
2008,4,1,9,29,254,1,A13,1,5,1,28,2,1
2008,4,1,10,29,254,1,A5,3,2,1,43,2,1
2008,4,1,11,29,254,1,A15,14,5,2,33,2,1
2008,4,1,12,29,254,1,A2,3,1,1,43,2,1
2008,4,1,13,29,254,1,A16,1,6,1,33,2,1
2008,4,1,14,29,254,1,A3,3,1,1,72,1,1
2008,4,1,15,29,254,1,A18,4,6,1,38,2,1
2008,4,1,16,29,254,1,A4,3,2,2,38,2,1
2008,4,1,17,29,254,1,A10,3,4,1,38,2,1
2008,4,1,1,29,255,2,B32,6,5,1,38,2,2
2008,4,1,2,29,255,3,C41,13,2,1,28,2,3
2008,4,1,1,29,256,3,C59,5,2,2,52,1,4
2008,4,1,2,29,256,3,C56,6,1,2,57,1,4
2008,4,1,1,24,257,1,A1,8,1,1,28,2,1
2008,4,1,2,24,257,1,A2,3,1,1,43,2,1
2008,4,1,3,24,257,1,A9,3,3,1,82,1,1
2008,4,1,4,24,257,1,A9,3,3,1,82,1,1
2008,4,1,5,24,257,1,A18,4,6,1,38,2,1
2008,4,1,6,24,257,1,A12,2,4,1,38,2,1
2008,4,1,7,24,257,2,B15,9,5,1,38,2,1
2008,4,1,8,24,257,3,C4,4,2,1,48,1,1
2008,4,1,9,24,257,3,C13,9,5,1,48,1,1
2008,4,1,1,24,258,2,B10,2,4,1,67,1,1
2008,4,1,2,24,258,2,B4,10,2,1,52,1,1
2008,4,1,3,24,258,2,B15,9,5,1,38,2,1
2008,4,1,1,9,259,1,A7,3,3,1,43,2,1
2008,4,1,1,29,260,4,P16,7,6,1,33,2,1
2008,4,1,2,29,260,4,P1,3,1,1,38,1,1
2008,4,1,1,29,261,2,B10,2,4,1,67,1,1
2008,4,1,2,29,261,2,B24,11,2,1,57,1,2
2008,4,1,3,29,261,2,B32,6,5,1,38,2,2
2008,4,1,4,29,261,2,B26,13,3,1,57,1,2
2008,4,1,5,29,261,2,B21,12,1,1,67,1,2
2008,4,1,6,29,261,2,B30,9,4,1,57,1,2
2008,4,1,7,29,261,2,B31,9,5,1,57,1,2
2008,4,1,8,29,261,2,B19,13,1,1,38,2,2
2008,4,1,9,29,261,2,B14,2,5,1,62,1,1
2008,4,1,10,29,261,2,B11,2,4,1,43,2,1
2008,4,1,11,29,261,3,C16,13,6,1,28,2,1
2008,4,1,12,29,261,3,C19,12,1,1,48,1,2
2008,4,1,13,29,261,3,C46,2,4,1,48,1,3
2008,4,1,1,29,262,1,A13,1,5,1,28,2,1
2008,4,1,2,29,262,1,A22,4,2,1,62,1,2
2008,4,1,3,29,262,1,A40,4,2,2,38,2,3
2008,4,1,4,29,262,1,A41,4,2,1,43,2,3
2008,4,1,5,29,262,4,P6,2,2,1,43,1,1
2008,4,1,6,29,262,4,P10,4,4,2,65,1,1
2008,4,1,7,29,262,4,P12,4,4,1,33,2,1
2008,4,1,8,29,262,4,P13,4,5,1,38,1,1
2008,4,1,9,29,262,4,P33,9,5,1,43,1,2
2008,4,1,10,29,262,4,P39,14,1,1,43,1,3
2008,4,1,11,29,262,4,P69,9,5,1,43,1,4
2008,4,1,12,29,262,4,P68,2,5,2,43,1,4
2008,4,1,13,29,262,4,P75,7,1,1,33,2,5
2008,4,1,1,29,263,3,C27,11,3,1,48,1,2
2008,4,1,2,29,263,1,A11,3,4,1,62,1,1
2008,4,1,1,29,264,4,P1,3,1,1,38,1,1
2008,4,1,2,29,264,4,P2,3,1,1,28,2,1
2008,4,1,3,29,264,4,P3,2,1,1,48,1,1
2008,4,1,4,29,264,4,P4,4,2,1,38,1,1
2008,4,1,5,29,264,4,P15,4,5,2,38,1,1
2008,4,1,6,29,264,4,P16,7,6,1,33,2,1
2008,4,1,7,29,264,4,P21,4,1,1,33,2,2
2008,4,1,8,29,264,4,P23,6,2,2,28,2,2
2008,4,1,9,29,264,4,P30,4,4,1,33,2,2
2008,4,1,10,29,264,4,P33,9,5,1,43,1,2
2008,4,1,11,29,264,4,P34,9,6,2,48,1,2
2008,4,1,12,29,264,4,P37,2,1,1,43,1,3
2008,4,1,1,29,265,4,P12,4,4,1,33,2,1
2008,4,1,1,29,266,4,P1,3,1,1,38,1,1
2008,4,1,2,29,266,4,P6,2,2,1,43,1,1
2008,4,1,3,29,266,4,P16,7,6,1,33,2,1
2008,4,1,4,29,266,2,B11,2,4,1,43,2,1
2008,4,1,5,29,266,2,B17,6,6,2,38,2,1
2008,4,1,1,29,267,3,C7,13,3,1,48,1,1
2008,4,1,2,29,267,3,C12,14,4,1,43,1,1
2008,4,1,3,29,267,3,C17,14,6,1,48,1,1
2008,4,1,4,29,267,2,B4,10,2,1,52,1,1
2008,4,1,5,29,267,2,B13,12,5,2,62,1,1
2008,4,1,6,29,267,2,B12,2,4,1,38,2,1
2008,4,1,7,29,267,2,B2,3,1,2,57,1,1
2008,4,1,8,29,267,2,B3,12,1,1,52,1,1
2008,4,1,9,29,267,2,B7,6,3,1,38,2,1
2008,4,1,10,29,267,4,P15,4,5,2,38,1,1
2008,4,1,11,29,267,4,P16,7,6,1,33,2,1
2008,4,1,12,29,267,4,P16,7,6,1,33,2,1
2008,4,1,13,29,267,4,P4,4,2,1,38,1,1
2008,4,1,14,29,267,4,P16,7,6,1,33,2,1
2008,4,1,15,29,267,4,P1,3,1,1,38,1,1
2008,4,1,1,29,268,4,P5,3,2,1,23,2,1
2008,4,1,2,29,268,4,P17,2,6,2,38,1,1
2008,4,1,3,29,268,4,P12,4,4,1,33,2,1
2008,4,1,4,29,268,3,C8,2,3,2,48,1,1
2008,4,1,1,29,269,2,B11,2,4,1,43,2,1
2008,4,1,2,29,269,2,B11,2,4,1,43,2,1
2008,4,1,1,29,270,1,A2,3,1,1,43,2,1
2008,4,1,2,29,270,1,A15,14,5,2,33,2,1
2008,4,1,3,29,270,4,P6,2,2,1,43,1,1
2008,4,1,4,29,270,4,P6,2,2,1,43,1,1
2008,4,1,5,29,270,2,B4,10,2,1,52,1,1
2008,4,1,6,29,270,2,B11,2,4,1,43,2,1
2008,4,1,7,29,270,4,P6,2,2,1,43,1,1
2008,4,1,1,29,271,1,A4,3,2,2,38,2,1
2008,4,1,2,29,271,1,A9,3,3,1,82,1,1
2008,4,1,3,29,271,1,A15,14,5,2,33,2,1
2008,4,1,4,29,271,1,A17,2,6,1,62,1,1
2008,4,1,5,29,271,3,C8,2,3,2,48,1,1
2008,4,1,1,9,272,1,A6,3,2,1,43,2,1
2008,4,1,1,29,273,2,B1,4,1,1,57,1,1
2008,4,1,2,29,273,2,B17,6,6,2,38,2,1
2008,4,1,3,29,273,2,B29,2,4,1,62,1,2
2008,4,1,4,29,273,2,B31,9,5,1,57,1,2
2008,4,1,5,29,273,2,B25,6,3,1,38,2,2
2008,4,1,6,29,273,2,B24,11,2,1,57,1,2
2008,4,1,7,29,273,2,B26,13,3,1,57,1,2
2008,4,1,8,29,273,3,C12,14,4,1,43,1,1
2008,4,1,9,29,273,3,C8,2,3,2,48,1,1
2008,4,1,10,29,273,3,C15,6,5,1,33,2,1
2008,4,1,11,29,273,3,C15,6,5,1,33,2,1
2008,4,1,12,29,273,1,A6,3,2,1,43,2,1
2008,4,1,13,29,273,1,A17,2,6,1,62,1,1
2008,4,1,14,29,273,1,A17,2,6,1,62,1,1
2008,4,1,15,29,273,1,A18,4,6,1,38,2,1
2008,4,1,16,29,273,4,P23,6,2,2,28,2,2
2008,4,1,17,29,273,4,P23,6,2,2,28,2,2
2008,4,1,1,29,274,1,A9,3,3,1,82,1,1
2008,4,1,1,29,275,4,P61,1,3,2,28,2,4
2008,4,1,2,29,275,4,P61,1,3,2,28,2,4
2008,4,1,3,29,275,4,P70,6,6,2,38,1,4
2008,4,1,4,29,275,4,P35,4,6,1,28,2,2
2008,4,1,5,29,275,4,P36,2,6,1,43,1,2
2008,4,1,6,29,275,2,B1,4,1,1,57,1,1
2008,4,1,7,29,275,2,B11,2,4,1,43,2,1
2008,4,1,8,29,275,2,B11,2,4,1,43,2,1
2008,4,1,9,29,275,2,B9,1,3,1,48,2,1
2008,4,1,10,29,275,2,B29,2,4,1,62,1,2
2008,4,1,11,29,275,2,B9,1,3,1,48,2,1
2008,4,1,12,29,275,3,C54,14,6,1,57,1,3
2008,4,1,13,29,275,2,B6,2,2,1,52,1,1
2008,4,1,14,29,275,2,B16,12,6,1,52,1,1
2008,4,1,15,29,275,2,B9,1,3,1,48,2,1
2008,4,1,16,29,275,2,B12,2,4,1,38,2,1
2008,4,1,1,29,276,4,P18,2,6,1,28,2,1
2008,4,1,2,29,276,4,P23,6,2,2,28,2,2
2008,4,1,3,29,276,4,P59,2,2,2,38,1,4
2008,4,1,4,29,276,1,A3,3,1,1,72,1,1
2008,4,1,1,29,277,1,A11,3,4,1,62,1,1
2008,4,1,2,29,277,1,A1,8,1,1,28,2,1
2008,4,1,3,29,277,1,A3,3,1,1,72,1,1
2008,4,1,4,29,277,2,B4,10,2,1,52,1,1
2008,4,1,5,29,277,2,B16,12,6,1,52,1,1
2008,4,1,6,29,277,2,B1,4,1,1,57,1,1
2008,4,1,7,29,277,2,B2,3,1,2,57,1,1
2008,4,1,8,29,277,2,B3,12,1,1,52,1,1
2008,4,1,9,29,277,3,C5,11,2,1,48,1,1
2008,4,1,10,29,277,3,C7,13,3,1,48,1,1
2008,4,1,11,29,277,3,C12,14,4,1,43,1,1
2008,4,1,12,29,277,3,C18,9,6,1,48,1,1
2008,4,1,13,29,277,4,P1,3,1,1,38,1,1
2008,4,1,14,29,277,4,P3,2,1,1,48,1,1
2008,4,1,15,29,277,4,P7,4,3,2,28,2,1
2008,4,1,16,29,277,4,P13,4,5,1,38,1,1
2008,4,1,17,29,277,4,P14,2,5,2,38,1,1
2008,4,1,18,29,277,4,P18,2,6,1,28,2,1
2008,4,1,19,29,277,4,P17,2,6,2,38,1,1
2008,4,1,20,29,277,4,P2,3,1,1,28,2,1
2008,4,1,21,29,277,4,P9,4,3,2,23,2,1
2008,4,1,22,29,277,4,P4,4,2,1,38,1,1
2008,4,1,23,29,277,4,P46,14,4,1,28,2,3
2008,4,1,24,29,277,4,P49,14,5,1,33,2,3
2008,4,1,25,29,277,4,P70,6,6,2,38,1,4
2008,4,1,26,29,277,4,P64,12,4,2,28,2,4
2008,4,1,27,29,277,4,P67,9,5,1,38,1,4
2008,4,1,28,29,277,4,P43,7,3,2,38,1,3
2008,4,1,29,29,277,4,P76,2,2,2,43,1,5
2008,4,1,1,29,278,1,A2,3,1,1,43,2,1
2008,4,1,2,29,278,1,A3,3,1,1,72,1,1
2008,4,1,3,29,278,1,A5,3,2,1,43,2,1
2008,4,1,4,29,278,1,A6,3,2,1,43,2,1
2008,4,1,5,29,278,1,A7,3,3,1,43,2,1
2008,4,1,6,29,278,1,A8,3,3,1,62,1,1
2008,4,1,7,29,278,1,A9,3,3,1,82,1,1
2008,4,1,8,29,278,1,A11,3,4,1,62,1,1
2008,4,1,9,29,278,1,A12,2,4,1,38,2,1
2008,4,1,10,29,278,1,A3,3,1,1,72,1,1
2008,4,1,11,29,278,1,A2,3,1,1,43,2,1
2008,4,1,12,29,278,1,A5,3,2,1,43,2,1
2008,4,1,13,29,278,1,A12,2,4,1,38,2,1
2008,4,1,14,29,278,1,A33,1,5,1,38,2,2
2008,4,1,15,29,278,1,A21,1,1,1,62,1,2
2008,4,1,16,29,278,1,A5,3,2,1,43,2,1
2008,4,1,17,29,278,3,C5,11,2,1,48,1,1
2008,4,1,18,29,278,3,C6,6,2,1,33,2,1
2008,4,1,19,29,278,3,C12,14,4,1,43,1,1
2008,4,1,20,29,278,3,C29,6,4,2,52,1,2
2008,4,1,21,29,278,3,C40,14,2,2,28,2,3
2008,4,1,1,29,279,4,P12,4,4,1,33,2,1
2008,4,1,2,29,279,4,P11,4,4,2,38,1,1
2008,4,1,3,29,279,4,P12,4,4,1,33,2,1
2008,4,1,4,29,279,4,P18,2,6,1,28,2,1
2008,4,1,5,29,279,4,P12,4,4,1,33,2,1
2008,4,1,6,29,279,4,P12,4,4,1,33,2,1
2008,4,1,7,29,279,4,P11,4,4,2,38,1,1
2008,4,1,8,29,279,4,P11,4,4,2,38,1,1
2008,4,1,9,29,279,4,P11,4,4,2,38,1,1
2008,4,1,10,29,279,4,P3,2,1,1,48,1,1
2008,4,1,11,29,279,4,P7,4,3,2,28,2,1
2008,4,1,12,29,279,4,P12,4,4,1,33,2,1
2008,4,1,13,29,279,4,P12,4,4,1,33,2,1
2008,4,1,14,29,279,4,P12,4,4,1,33,2,1
2008,4,1,15,29,279,1,A41,4,2,1,43,2,3
2008,4,1,16,29,279,1,A26,2,3,1,38,2,2
2008,4,1,17,29,279,2,B32,6,5,1,38,2,2
2008,4,1,18,29,279,2,B1,4,1,1,57,1,1
2008,4,1,19,29,279,2,B16,12,6,1,52,1,1
2008,4,1,20,29,279,2,B1,4,1,1,57,1,1
2008,4,1,1,29,280,2,B1,4,1,1,57,1,1
2008,4,1,1,29,281,2,B12,2,4,1,38,2,1
2008,4,1,2,29,281,2,B24,11,2,1,57,1,2
2008,4,1,3,29,281,2,B21,12,1,1,67,1,2
2008,4,1,4,29,281,2,B23,7,2,1,38,2,2
2008,4,1,5,29,281,2,B30,9,4,1,57,1,2
2008,4,1,6,29,281,2,B31,9,5,1,57,1,2
2008,4,1,7,29,281,2,B25,6,3,1,38,2,2
2008,4,1,8,29,281,2,B6,2,2,1,52,1,1
2008,4,1,9,29,281,2,B13,12,5,2,62,1,1
2008,4,1,10,29,281,2,B16,12,6,1,52,1,1
2008,4,1,1,29,282,4,P14,2,5,2,38,1,1
2008,4,1,2,29,282,4,P6,2,2,1,43,1,1
2008,4,1,3,29,282,2,B10,2,4,1,67,1,1
2008,4,1,4,29,282,2,B4,10,2,1,52,1,1
2008,4,1,5,29,282,2,B24,11,2,1,57,1,2
2008,4,1,6,29,282,4,P6,2,2,1,43,1,1
2008,4,1,1,29,283,3,C17,14,6,1,48,1,1
2008,4,1,2,29,283,1,A16,1,6,1,33,2,1
2008,4,1,1,29,284,2,B4,10,2,1,52,1,1
2008,4,1,1,29,285,2,B26,13,3,1,57,1,2
2008,4,1,1,29,286,1,A7,3,3,1,43,2,1
2008,4,1,2,29,286,4,P15,4,5,2,38,1,1
2008,4,1,1,29,287,1,A31,6,5,2,62,1,2
2008,4,1,2,29,287,1,A28,1,4,2,43,2,2
2008,4,1,3,29,287,2,B4,10,2,1,52,1,1
2008,4,1,4,29,287,2,B15,9,5,1,38,2,1
2008,4,1,5,29,287,2,B17,6,6,2,38,2,1
2008,4,1,6,29,287,3,C1,4,1,2,28,2,1
2008,4,1,7,29,287,3,C2,12,1,1,43,1,1
2008,4,1,8,29,287,3,C10,9,4,2,28,2,1
2008,4,1,9,29,287,3,C2,12,1,1,43,1,1
2008,4,1,10,29,287,3,C18,9,6,1,48,1,1
2008,4,1,11,29,287,3,C54,14,6,1,57,1,3
2008,4,1,12,29,287,3,C59,5,2,2,52,1,4
2008,4,1,13,29,287,2,B17,6,6,2,38,2,1
2008,4,1,1,29,288,3,C56,6,1,2,57,1,4
2008,4,1,2,29,288,2,B10,2,4,1,67,1,1
2008,4,1,1,29,289,1,A11,3,4,1,62,1,1
2008,4,1,2,29,289,3,C17,14,6,1,48,1,1
2008,4,1,3,29,289,4,P6,2,2,1,43,1,1
2008,4,1,4,29,289,4,P15,4,5,2,38,1,1
2008,4,1,1,29,290,4,P8,2,3,1,28,2,1
2008,4,1,2,29,290,4,P15,4,5,2,38,1,1
2008,4,1,3,29,290,4,P20,7,1,1,23,2,2
2008,4,1,4,29,290,4,P36,2,6,1,43,1,2
2008,4,1,5,29,290,4,P51,9,5,1,28,2,3
2008,4,1,1,29,291,1,A4,3,2,2,38,2,1
2008,4,1,2,29,291,2,B4,10,2,1,52,1,1
2008,4,1,3,29,291,3,C7,13,3,1,48,1,1
2008,4,1,4,29,291,4,P15,4,5,2,38,1,1
2008,4,1,5,29,291,4,P5,3,2,1,23,2,1
2008,4,1,6,29,291,4,P5,3,2,1,23,2,1
2008,4,1,1,29,292,3,C16,13,6,1,28,2,1
2008,4,1,2,29,292,3,C41,13,2,1,28,2,3
2008,4,1,3,29,292,1,A22,4,2,1,62,1,2
2008,4,1,4,29,292,3,C38,13,1,1,38,2,3
2008,4,1,5,29,292,1,A7,3,3,1,43,2,1
2008,4,1,6,29,292,3,C31,12,5,1,33,2,2
2008,4,1,7,29,292,1,A32,2,5,1,38,2,2
2008,4,1,8,29,292,3,C28,2,4,2,48,1,2
2008,4,1,9,29,292,3,C28,2,4,2,48,1,2
2008,4,1,10,29,292,1,A17,2,6,1,62,1,1
2008,4,1,11,29,292,3,C44,14,3,1,55,1,3
2008,4,1,12,29,292,1,A37,2,1,1,62,1,3
2008,4,1,13,29,292,1,A37,2,1,1,62,1,3
2008,4,1,14,29,292,3,C7,13,3,1,48,1,1
2008,4,1,15,29,292,3,C46,2,4,1,48,1,3
2008,4,1,16,29,292,1,A25,1,3,1,38,2,2
2008,4,1,17,29,292,3,C41,13,2,1,28,2,3
2008,4,1,18,29,292,1,A29,2,4,1,60,1,2
2008,4,1,19,29,292,3,C29,6,4,2,52,1,2
2008,4,1,20,29,292,1,A27,3,3,1,55,1,2
2008,4,1,21,29,292,3,C18,9,6,1,48,1,1
2008,4,1,22,29,292,1,A26,2,3,1,38,2,2
2008,4,1,23,29,292,3,C32,2,5,1,33,2,2
2008,4,1,24,29,292,3,C14,9,5,1,23,2,1
2008,4,1,25,29,292,3,C9,6,3,1,48,1,1
2008,4,1,26,29,292,1,A35,14,6,2,33,2,2
2008,4,1,27,29,292,3,C48,6,4,1,28,2,3
2008,4,1,28,29,292,2,B33,6,5,2,33,2,2
2008,4,1,29,29,292,2,B11,2,4,1,43,2,1
2008,4,1,30,29,292,3,C41,13,2,1,28,2,3
2008,4,1,31,29,292,3,C45,11,3,1,55,1,3
2008,4,1,32,29,292,3,C45,11,3,1,55,1,3
2008,4,1,33,29,292,3,C27,11,3,1,48,1,2
2008,4,1,34,29,292,2,B16,12,6,1,52,1,1
2008,4,1,35,29,292,2,B17,6,6,2,38,2,1
2008,4,1,36,29,292,3,C33,14,5,1,48,1,2
2008,4,1,37,29,292,1,A33,1,5,1,38,2,2
2008,4,1,38,29,292,1,A33,1,5,1,38,2,2
2008,4,1,39,29,292,1,A31,6,5,2,62,1,2
2008,4,1,40,29,292,3,C33,14,5,1,48,1,2
2008,4,1,41,29,292,3,C36,14,6,1,43,1,2
2008,4,1,42,29,292,3,C48,6,4,1,28,2,3
2008,4,1,43,29,292,1,A4,3,2,2,38,2,1
2008,4,1,44,29,292,3,C21,14,1,1,57,1,2
2008,4,1,45,29,292,1,A42,6,2,1,28,2,3
2008,4,1,46,29,292,3,C48,6,4,1,28,2,3
2008,4,1,1,29,293,3,C45,11,3,1,55,1,3
2008,4,1,1,29,294,1,A11,3,4,1,62,1,1
2008,4,1,2,29,294,2,B17,6,6,2,38,2,1
2008,4,1,3,29,294,2,B16,12,6,1,52,1,1
2008,4,1,4,29,294,3,C17,14,6,1,48,1,1
2008,4,1,5,29,294,1,A15,14,5,2,33,2,1
2008,4,1,6,29,294,4,P3,2,1,1,48,1,1
2008,4,1,1,29,295,4,P5,3,2,1,23,2,1
2008,4,1,2,29,295,1,A15,14,5,2,33,2,1
2008,4,1,3,29,295,1,A15,14,5,2,33,2,1
2008,4,1,4,29,295,1,A15,14,5,2,33,2,1
2008,4,1,5,29,295,1,A4,3,2,2,38,2,1
2008,4,1,6,29,295,4,P5,3,2,1,23,2,1
2008,4,1,7,29,295,3,C11,7,4,1,33,2,1
2008,4,1,8,29,295,3,C32,2,5,1,33,2,2
2008,4,1,9,29,295,3,C50,9,5,2,20,2,3
2008,4,1,10,29,295,3,C53,14,6,1,38,2,3
2008,4,1,1,29,296,4,P7,4,3,2,28,2,1
2008,4,1,2,29,296,4,P13,4,5,1,38,1,1
2008,4,1,3,29,296,4,P50,6,5,2,33,2,3
2008,4,1,4,29,296,4,P50,6,5,2,33,2,3
2008,4,1,5,29,296,1,A16,1,6,1,33,2,1
2008,4,1,6,29,296,1,A28,1,4,2,43,2,2
2008,4,1,7,29,296,1,A41,4,2,1,43,2,3
2008,4,1,8,29,296,2,B31,9,5,1,57,1,2
2008,4,1,1,29,297,3,C13,9,5,1,48,1,1
2008,4,1,1,29,298,4,P13,4,5,1,38,1,1
2008,4,1,1,29,299,1,A5,3,2,1,43,2,1
2008,4,1,2,29,299,2,B22,2,2,1,67,1,2
2008,4,1,3,29,299,2,B4,10,2,1,52,1,1
2008,4,1,4,29,299,3,C15,6,5,1,33,2,1
2008,4,1,1,29,300,1,A6,3,2,1,43,2,1
2008,4,1,2,29,300,1,A12,2,4,1,38,2,1
2008,4,1,3,29,300,1,A11,3,4,1,62,1,1
2008,4,1,1,29,301,1,A18,4,6,1,38,2,1
2008,4,1,2,29,301,1,A13,1,5,1,28,2,1
2008,4,1,3,29,301,1,A16,1,6,1,33,2,1
2008,4,1,4,29,301,1,A15,14,5,2,33,2,1
2008,4,1,5,29,301,2,B17,6,6,2,38,2,1
2008,4,1,6,29,301,2,B1,4,1,1,57,1,1
2008,4,1,7,29,301,2,B33,6,5,2,33,2,2
2008,4,1,8,29,301,2,B34,2,6,1,48,2,2
2008,4,1,9,29,301,3,C3,6,1,2,23,2,1
2008,4,1,10,29,301,3,C11,7,4,1,33,2,1
2008,4,1,11,29,301,3,C14,9,5,1,23,2,1
2008,4,1,12,29,301,4,P9,4,3,2,23,2,1
2008,4,1,1,29,302,4,P5,3,2,1,23,2,1
2008,4,1,2,29,302,4,P5,3,2,1,23,2,1
2008,4,1,1,29,303,3,C47,13,4,2,18,2,3
2008,4,1,1,29,304,4,P48,9,4,2,33,2,3
2008,4,1,2,29,304,4,P63,14,3,2,28,2,4
2008,4,1,3,29,304,2,B1,4,1,1,57,1,1
2008,4,1,4,29,304,2,B17,6,6,2,38,2,1
2008,4,1,5,29,304,2,B21,12,1,1,67,1,2
2008,4,1,6,29,304,2,B33,6,5,2,33,2,2
2008,4,1,7,29,304,2,B4,10,2,1,52,1,1
2008,4,1,8,29,304,1,A16,1,6,1,33,2,1
2008,4,1,1,29,305,1,A15,14,5,2,33,2,1
2008,4,1,2,29,305,1,A16,1,6,1,33,2,1
2008,4,1,3,29,305,1,A11,3,4,1,62,1,1
2008,4,1,4,29,305,2,B4,10,2,1,52,1,1
2008,4,1,5,29,305,2,B13,12,5,2,62,1,1
2008,4,1,6,29,305,2,B3,12,1,1,52,1,1
2008,4,1,7,29,305,2,B1,4,1,1,57,1,1
2008,4,1,8,29,305,2,B7,6,3,1,38,2,1
2008,4,1,9,29,305,2,B15,9,5,1,38,2,1
2008,4,1,10,29,305,2,B9,1,3,1,48,2,1
2008,4,1,11,29,305,4,P16,7,6,1,33,2,1
2008,4,1,12,29,305,4,P14,2,5,2,38,1,1
2008,4,1,13,29,305,4,P5,3,2,1,23,2,1
2008,4,1,14,29,305,4,P15,4,5,2,38,1,1
2008,4,1,15,29,305,4,P9,4,3,2,23,2,1
2008,4,1,1,29,306,4,P6,2,2,1,43,1,1
2008,4,1,2,29,306,4,P14,2,5,2,38,1,1
2008,4,1,3,29,306,4,P33,9,5,1,43,1,2
2008,4,1,4,29,306,4,P36,2,6,1,43,1,2
2008,4,1,1,9,307,1,A13,1,5,1,28,2,1
2008,4,1,2,9,307,1,A18,4,6,1,38,2,1
2008,4,1,3,9,307,1,A39,4,1,1,38,2,3
2008,4,1,4,9,307,2,B7,6,3,1,38,2,1
2008,4,1,5,9,307,2,B14,2,5,1,62,1,1
2008,4,1,6,9,307,2,B26,13,3,1,57,1,2
2008,4,1,7,9,307,3,C10,9,4,2,28,2,1
2008,4,1,8,9,307,3,C57,5,1,2,33,2,4
2008,4,1,1,29,308,4,P12,4,4,1,33,2,1
2008,4,1,1,29,309,1,A26,2,3,1,38,2,2
2008,4,1,2,29,309,1,A26,2,3,1,38,2,2
2008,4,1,1,29,310,2,B1,4,1,1,57,1,1
2008,4,1,2,29,310,2,B14,2,5,1,62,1,1
2008,4,1,3,29,310,2,B13,12,5,2,62,1,1
2008,4,1,4,29,310,2,B10,2,4,1,67,1,1
2008,4,1,5,29,310,2,B12,2,4,1,38,2,1
2008,4,1,6,29,310,2,B15,9,5,1,38,2,1
2008,4,1,7,29,310,2,B17,6,6,2,38,2,1
2008,4,1,8,29,310,2,B3,12,1,1,52,1,1
2008,4,1,9,29,310,2,B5,14,2,2,52,1,1
2008,4,1,1,29,311,2,B4,10,2,1,52,1,1
2008,4,1,1,46,312,4,P12,4,4,1,33,2,1
2008,4,1,2,46,312,4,P15,4,5,2,38,1,1
2008,4,1,3,46,312,3,C2,12,1,1,43,1,1
2008,4,1,1,29,313,1,A37,2,1,1,62,1,3
2008,4,1,1,44,314,1,A16,1,6,1,33,2,1
2008,4,1,2,44,314,1,A17,2,6,1,62,1,1
2008,4,1,3,44,314,1,A18,4,6,1,38,2,1
2008,4,1,4,44,314,1,A11,3,4,1,62,1,1
2008,4,1,5,44,314,1,A17,2,6,1,62,1,1
2008,4,1,6,44,314,3,C18,9,6,1,48,1,1
2008,4,1,7,44,314,4,P3,2,1,1,48,1,1
2008,4,1,8,44,314,4,P11,4,4,2,38,1,1
2008,4,1,9,44,314,4,P12,4,4,1,33,2,1
2008,4,1,10,44,314,4,P23,6,2,2,28,2,2
2008,4,1,11,44,314,4,P81,4,3,2,43,1,5
2008,4,1,12,44,314,4,P10,4,4,2,65,1,1
2008,4,1,13,44,314,4,P9,4,3,2,23,2,1
2008,4,1,1,29,315,3,C10,9,4,2,28,2,1
2008,4,1,1,29,316,3,C13,9,5,1,48,1,1
2008,4,1,2,29,316,3,C32,2,5,1,33,2,2
2008,4,1,3,29,316,3,C49,4,5,2,26,2,3
2008,4,1,4,29,316,1,A4,3,2,2,38,2,1
2008,4,1,5,29,316,1,A20,2,1,2,38,2,2
2008,4,1,6,29,316,1,A41,4,2,1,43,2,3
2008,4,1,1,29,317,1,A13,1,5,1,28,2,1
2008,4,1,1,29,318,4,P78,14,2,2,48,1,5
2008,4,1,1,29,319,3,C9,6,3,1,48,1,1
2008,4,1,2,29,319,3,C15,6,5,1,33,2,1
2008,4,1,3,29,319,4,P3,2,1,1,48,1,1
2008,4,1,1,29,320,4,P19,2,1,1,48,1,2
2008,4,1,2,29,320,1,A1,8,1,1,28,2,1
2008,4,1,3,29,320,1,A7,3,3,1,43,2,1
2008,4,1,4,29,320,3,C4,4,2,1,48,1,1
2008,4,1,5,29,320,3,C3,6,1,2,23,2,1
2008,4,1,6,29,320,4,P13,4,5,1,38,1,1
2008,4,1,7,29,320,4,P15,4,5,2,38,1,1
2008,4,1,8,29,320,4,P17,2,6,2,38,1,1
2008,4,1,9,29,320,2,B10,2,4,1,67,1,1
2008,4,1,10,29,320,4,P19,2,1,1,48,1,2
2008,4,1,1,29,321,3,C4,4,2,1,48,1,1
2008,4,1,2,29,321,3,C28,2,4,2,48,1,2
2008,4,1,3,29,321,3,C49,4,5,2,26,2,3
2008,4,1,4,29,321,3,C59,5,2,2,52,1,4
2008,4,1,5,29,321,3,C55,13,1,1,48,1,4
2008,4,1,6,29,321,1,A8,3,3,1,62,1,1
2008,4,1,7,29,321,1,A18,4,6,1,38,2,1
2008,4,1,8,29,321,2,B1,4,1,1,57,1,1
2008,4,1,9,29,321,2,B4,10,2,1,52,1,1
2008,4,1,10,29,321,2,B12,2,4,1,38,2,1
2008,4,1,11,29,321,4,P12,4,4,1,33,2,1
2008,4,1,12,29,321,4,P14,2,5,2,38,1,1
2008,4,1,13,29,321,4,P34,9,6,2,48,1,2
2008,4,1,14,29,321,4,P27,6,3,2,33,2,2
2008,4,1,15,29,321,4,P33,9,5,1,43,1,2
2008,4,1,16,29,321,4,P37,2,1,1,43,1,3
2008,4,1,17,29,321,4,P65,9,4,2,43,1,4
2008,4,1,18,29,321,4,P58,9,2,2,38,1,4
2008,4,1,19,29,321,4,P70,6,6,2,38,1,4
2008,4,1,20,29,321,4,P72,14,6,1,33,2,4
2008,4,1,21,29,321,4,P66,9,4,2,43,1,4
2008,4,1,22,29,321,2,B1,4,1,1,57,1,1
2008,4,1,23,29,321,4,P3,2,1,1,48,1,1
2008,4,1,24,29,321,4,P9,4,3,2,23,2,1
2008,4,1,25,29,321,4,P10,4,4,2,65,1,1
2008,4,1,1,29,322,3,C17,14,6,1,48,1,1
2008,4,1,1,29,323,1,A19,12,1,2,33,2,2
2008,4,1,1,29,324,2,B33,6,5,2,33,2,2
2008,4,1,2,29,324,2,B23,7,2,1,38,2,2
2008,4,1,3,29,324,2,B29,2,4,1,62,1,2
2008,4,1,4,29,324,3,C21,14,1,1,57,1,2
2008,4,1,5,29,324,3,C30,2,4,2,28,2,2
2008,4,1,6,29,324,3,C35,9,6,1,50,1,2
2008,4,1,7,29,324,3,C40,14,2,2,28,2,3
2008,4,1,8,29,324,3,C54,14,6,1,57,1,3
2008,4,1,1,29,325,2,B34,2,6,1,48,2,2
2008,4,1,2,29,325,2,B19,13,1,1,38,2,2
2008,4,1,3,29,325,2,B2,3,1,2,57,1,1
2008,4,1,4,29,325,2,B34,2,6,1,48,2,2
2008,4,1,5,29,325,3,C25,2,3,1,33,2,2
2008,4,1,6,29,325,3,C29,6,4,2,52,1,2
2008,4,1,7,29,325,3,C47,13,4,2,18,2,3
2008,4,1,8,29,325,1,A11,3,4,1,62,1,1
2008,4,1,9,29,325,1,A33,1,5,1,38,2,2
2008,4,1,10,29,325,1,A21,1,1,1,62,1,2
2008,4,1,11,29,325,1,A20,2,1,2,38,2,2
2008,4,1,1,29,326,4,P17,2,6,2,38,1,1
2008,4,1,2,29,326,4,P15,4,5,2,38,1,1
2008,4,1,3,29,326,4,P3,2,1,1,48,1,1
2008,4,1,4,29,326,4,P30,4,4,1,33,2,2
2008,4,1,5,29,326,2,B27,2,3,1,57,1,2
2008,4,1,6,29,326,1,A20,2,1,2,38,2,2
2008,4,1,7,29,326,3,C30,2,4,2,28,2,2
2008,4,1,8,29,326,3,C54,14,6,1,57,1,3
2008,4,1,9,29,326,3,C53,14,6,1,38,2,3
2008,4,1,1,29,327,4,P16,7,6,1,33,2,1
2008,4,1,2,29,327,4,P16,7,6,1,33,2,1
2008,4,1,3,29,327,4,P33,9,5,1,43,1,2
2008,4,1,4,29,327,1,A4,3,2,2,38,2,1
2008,4,1,5,29,327,1,A13,1,5,1,28,2,1
2008,4,1,6,29,327,1,A16,1,6,1,33,2,1
2008,4,1,7,29,327,1,A11,3,4,1,62,1,1
2008,4,1,8,29,327,1,A6,3,2,1,43,2,1
2008,4,1,9,29,327,1,A1,8,1,1,28,2,1
2008,4,1,10,29,327,1,A18,4,6,1,38,2,1
2008,4,1,11,29,327,1,A17,2,6,1,62,1,1
2008,4,1,12,29,327,4,P11,4,4,2,38,1,1
2008,4,1,13,29,327,4,P15,4,5,2,38,1,1
2008,4,1,14,29,327,4,P9,4,3,2,23,2,1
2008,4,1,1,29,328,3,C15,6,5,1,33,2,1
2008,4,1,2,29,328,1,A9,3,3,1,82,1,1
2008,4,1,3,29,328,1,A11,3,4,1,62,1,1
2008,4,1,1,29,329,1,A14,3,5,1,60,1,1
2008,4,1,2,29,329,1,A3,3,1,1,72,1,1
2008,4,1,3,29,329,3,C5,11,2,1,48,1,1
2008,4,1,4,29,329,3,C4,4,2,1,48,1,1
2008,4,1,1,29,330,3,C13,9,5,1,48,1,1
2008,4,1,2,29,330,1,A13,1,5,1,28,2,1
2008,4,1,3,29,330,1,A17,2,6,1,62,1,1
2008,4,1,4,29,330,1,A16,1,6,1,33,2,1
2008,4,1,5,29,330,4,P5,3,2,1,23,2,1
2008,4,1,6,29,330,4,P16,7,6,1,33,2,1
2008,4,1,7,29,330,2,B4,10,2,1,52,1,1
2008,4,1,8,29,330,2,B10,2,4,1,67,1,1
2008,4,1,1,29,331,2,B15,9,5,1,38,2,1
2008,4,1,2,29,331,2,B30,9,4,1,57,1,2
2008,4,1,3,29,331,3,C13,9,5,1,48,1,1
2008,4,1,4,29,331,3,C18,9,6,1,48,1,1
2008,4,1,5,29,331,4,P1,3,1,1,38,1,1
2008,4,1,6,29,331,4,P15,4,5,2,38,1,1
2008,4,1,7,29,331,4,P33,9,5,1,43,1,2
2008,4,1,8,29,331,4,P51,9,5,1,28,2,3
2008,4,1,1,29,332,3,C8,2,3,2,48,1,1
2008,4,1,2,29,332,3,C2,12,1,1,43,1,1
2008,4,1,3,29,332,3,C12,14,4,1,43,1,1
2008,4,1,4,29,332,3,C14,9,5,1,23,2,1
2008,4,1,5,29,332,3,C34,7,6,1,48,1,2
2008,4,1,6,29,332,3,C33,14,5,1,48,1,2
2008,4,1,7,29,332,3,C46,2,4,1,48,1,3
2008,4,1,8,29,332,3,C5,11,2,1,48,1,1
2008,4,1,9,29,332,3,C16,13,6,1,28,2,1
2008,4,1,10,29,332,3,C17,14,6,1,48,1,1
2008,4,1,11,29,332,1,A7,3,3,1,43,2,1
2008,4,1,12,29,332,1,A3,3,1,1,72,1,1
2008,4,1,13,29,332,1,A4,3,2,2,38,2,1
2008,4,1,1,29,333,2,B10,2,4,1,67,1,1
2008,4,1,2,29,333,2,B13,12,5,2,62,1,1
2008,4,1,3,29,333,2,B21,12,1,1,67,1,2
2008,4,1,1,29,334,3,C34,7,6,1,48,1,2
2008,4,1,2,29,334,3,C41,13,2,1,28,2,3
2008,4,1,3,29,334,3,C49,4,5,2,26,2,3
2008,4,1,4,29,334,3,C50,9,5,2,20,2,3
2008,4,1,5,29,334,3,C57,5,1,2,33,2,4
2008,4,1,6,29,334,2,B4,10,2,1,52,1,1
2008,4,1,7,29,334,2,B26,13,3,1,57,1,2
2008,4,1,1,29,335,2,B16,12,6,1,52,1,1
2008,4,1,2,29,335,2,B30,9,4,1,57,1,2
2008,4,1,3,29,335,2,B23,7,2,1,38,2,2
2008,4,1,4,29,335,4,P16,7,6,1,33,2,1
2008,4,1,5,29,335,4,P33,9,5,1,43,1,2
2008,4,1,6,29,335,4,P34,9,6,2,48,1,2
2008,4,1,7,29,335,4,P3,2,1,1,48,1,1
2008,4,1,1,29,336,4,P12,4,4,1,33,2,1
2008,4,1,2,29,336,4,P1,3,1,1,38,1,1
2008,4,1,3,29,336,3,C5,11,2,1,48,1,1
2008,4,1,4,29,336,3,C35,9,6,1,50,1,2
2008,4,1,5,29,336,3,C48,6,4,1,28,2,3
2008,4,1,6,29,336,2,B4,10,2,1,52,1,1
2008,4,1,7,29,336,2,B15,9,5,1,38,2,1
2008,4,1,8,29,336,2,B10,2,4,1,67,1,1
2008,4,1,1,9,337,1,A21,1,1,1,62,1,2
2008,4,1,2,9,337,1,A32,2,5,1,38,2,2
2008,4,1,3,9,337,1,A30,6,4,1,38,2,2
2008,4,1,4,9,337,1,A40,4,2,2,38,2,3
2008,4,1,5,9,337,1,A37,2,1,1,62,1,3
2008,4,1,6,9,337,2,B26,13,3,1,57,1,2
2008,4,1,7,9,337,2,B1,4,1,1,57,1,1
2008,4,1,1,9,338,2,B4,10,2,1,52,1,1
2008,4,1,2,9,338,2,B2,3,1,2,57,1,1
2008,4,1,1,29,339,2,B13,12,5,2,62,1,1
2008,4,1,2,29,339,2,B10,2,4,1,67,1,1
2008,4,1,3,29,339,2,B14,2,5,1,62,1,1
2008,4,1,4,29,339,2,B24,11,2,1,57,1,2
2008,4,1,5,29,339,1,A5,3,2,1,43,2,1
2008,4,1,1,9,340,2,B10,2,4,1,67,1,1
2008,4,1,2,9,340,2,B14,2,5,1,62,1,1
2008,4,1,3,9,340,2,B11,2,4,1,43,2,1
2008,4,1,4,9,340,2,B13,12,5,2,62,1,1
2008,4,1,1,29,341,1,A2,3,1,1,43,2,1
2008,4,1,2,29,341,1,A3,3,1,1,72,1,1
2008,4,1,3,29,341,1,A2,3,1,1,43,2,1
2008,4,1,4,29,341,1,A5,3,2,1,43,2,1
2008,4,1,5,29,341,1,A7,3,3,1,43,2,1
2008,4,1,6,29,341,1,A5,3,2,1,43,2,1
2008,4,1,7,29,341,1,A6,3,2,1,43,2,1
2008,4,1,8,29,341,1,A8,3,3,1,62,1,1
2008,4,1,9,29,341,1,A10,3,4,1,38,2,1
2008,4,1,10,29,341,1,A12,2,4,1,38,2,1
2008,4,1,11,29,341,1,A4,3,2,2,38,2,1
2008,4,1,12,29,341,4,P1,3,1,1,38,1,1
2008,4,1,13,29,341,4,P5,3,2,1,23,2,1
2008,4,1,14,29,341,4,P82,6,4,2,48,1,5
2008,4,1,15,29,341,4,P80,7,3,1,28,2,5
2008,4,1,16,29,341,4,P74,12,1,2,33,2,5
2008,4,1,1,29,342,2,B4,10,2,1,52,1,1
2008,4,1,2,29,342,2,B9,1,3,1,48,2,1
2008,4,1,3,29,342,1,A4,3,2,2,38,2,1
2008,4,1,4,29,342,1,A4,3,2,2,38,2,1
2008,4,1,5,29,342,1,A16,1,6,1,33,2,1
2008,4,1,6,29,342,1,A13,1,5,1,28,2,1
2008,4,1,7,29,342,1,A30,6,4,1,38,2,2
2008,4,1,8,29,342,4,P23,6,2,2,28,2,2
2008,4,1,9,29,342,4,P4,4,2,1,38,1,1
2008,4,1,10,29,342,4,P1,3,1,1,38,1,1
2008,4,1,11,29,342,4,P1,3,1,1,38,1,1
2008,4,1,12,29,342,4,P1,3,1,1,38,1,1
2008,4,1,13,29,342,4,P5,3,2,1,23,2,1
2008,4,1,14,29,342,4,P23,6,2,2,28,2,2
2008,4,1,15,29,342,4,P26,4,3,1,43,1,2
2008,4,1,16,29,342,4,P39,14,1,1,43,1,3
2008,4,1,17,29,342,4,P80,7,3,1,28,2,5
2008,4,1,18,29,342,2,B6,2,2,1,52,1,1
2008,4,1,19,29,342,2,B6,2,2,1,52,1,1
2008,4,1,20,29,342,2,B6,2,2,1,52,1,1
2008,4,1,21,29,342,2,B6,2,2,1,52,1,1
2008,4,1,22,29,342,2,B17,6,6,2,38,2,1
2008,4,1,23,29,342,4,P80,7,3,1,28,2,5
2008,4,1,24,29,342,4,P2,3,1,1,28,2,1
2008,4,1,25,29,342,4,P2,3,1,1,28,2,1
2008,4,1,26,29,342,4,P27,6,3,2,33,2,2
2008,4,1,27,29,342,1,A31,6,5,2,62,1,2
2008,4,1,28,29,342,4,P2,3,1,1,28,2,1
2008,4,1,29,29,342,4,P2,3,1,1,28,2,1
2008,4,1,30,29,342,4,P2,3,1,1,28,2,1
2008,4,1,31,29,342,1,A31,6,5,2,62,1,2
2008,4,1,32,29,342,1,A31,6,5,2,62,1,2
2008,4,1,1,29,343,4,P1,3,1,1,38,1,1
2008,4,1,2,29,343,4,P26,4,3,1,43,1,2
2008,4,1,3,29,343,4,P48,9,4,2,33,2,3
2008,4,1,4,29,343,4,P41,9,2,2,43,1,3
2008,4,1,5,29,343,4,P80,7,3,1,28,2,5
2008,4,1,1,9,344,1,A3,3,1,1,72,1,1
2008,4,1,2,9,344,3,C24,12,2,1,33,2,2
2008,4,1,3,9,344,3,C33,14,5,1,48,1,2
2008,4,1,4,9,344,3,C56,6,1,2,57,1,4
2008,4,1,1,29,345,3,C1,4,1,2,28,2,1
2008,4,1,2,29,345,1,A4,3,2,2,38,2,1
2008,4,1,3,29,345,3,C18,9,6,1,48,1,1
2008,4,1,4,29,345,3,C14,9,5,1,23,2,1
2008,4,1,5,29,345,3,C17,14,6,1,48,1,1
2008,4,1,6,29,345,3,C4,4,2,1,48,1,1
2008,4,1,7,29,345,1,A4,3,2,2,38,2,1
2008,4,1,8,29,345,3,C1,4,1,2,28,2,1
2008,4,1,1,29,346,2,B15,9,5,1,38,2,1
2008,4,1,2,29,346,1,A4,3,2,2,38,2,1
2008,4,1,1,29,347,1,A25,1,3,1,38,2,2
2008,4,1,2,29,347,1,A3,3,1,1,72,1,1
2008,4,1,3,29,347,3,C42,7,2,1,28,2,3
2008,4,1,4,29,347,1,A3,3,1,1,72,1,1
2008,4,1,1,29,348,1,A2,3,1,1,43,2,1
2008,4,1,2,29,348,3,C4,4,2,1,48,1,1
2008,4,1,3,29,348,3,C16,13,6,1,28,2,1
2008,4,1,4,29,348,4,P1,3,1,1,38,1,1
2008,4,1,5,29,348,4,P9,4,3,2,23,2,1
2008,4,1,6,29,348,4,P61,1,3,2,28,2,4
2008,4,1,7,29,348,4,P69,9,5,1,43,1,4
2008,4,1,8,29,348,4,P43,7,3,2,38,1,3
2008,4,1,1,29,349,1,A1,8,1,1,28,2,1
2008,4,1,1,29,350,4,P5,3,2,1,23,2,1
2008,4,1,2,29,350,4,P20,7,1,1,23,2,2
2008,4,1,3,29,350,4,P60,14,2,1,28,2,4
2008,4,1,4,29,350,2,B27,2,3,1,57,1,2
2008,4,1,1,44,351,1,A2,3,1,1,43,2,1
2008,4,1,1,29,352,2,B30,9,4,1,57,1,2
2008,4,1,1,44,353,3,C2,12,1,1,43,1,1
2008,4,1,2,44,353,2,B17,6,6,2,38,2,1
2008,4,1,1,44,354,4,P6,2,2,1,43,1,1
2008,4,1,1,29,355,1,A1,8,1,1,28,2,1
2008,4,1,2,29,355,1,A8,3,3,1,62,1,1
2008,4,1,3,29,355,1,A17,2,6,1,62,1,1
2008,4,1,4,29,355,1,A14,3,5,1,60,1,1
2008,4,1,5,29,355,1,A12,2,4,1,38,2,1
2008,4,1,6,29,355,2,B4,10,2,1,52,1,1
2008,4,1,1,29,356,4,P1,3,1,1,38,1,1
2008,4,1,2,29,356,1,A5,3,2,1,43,2,1
2008,4,1,3,29,356,4,P1,3,1,1,38,1,1
2008,4,1,1,29,357,4,P15,4,5,2,38,1,1
2008,4,1,2,29,357,4,P15,4,5,2,38,1,1
2008,4,1,3,29,357,4,P38,9,1,1,33,2,3
2008,4,1,4,29,357,4,P37,2,1,1,43,1,3
2008,4,1,5,29,357,4,P65,9,4,2,43,1,4
2008,4,1,6,29,357,4,P47,14,4,1,28,2,3
2008,4,1,1,29,358,1,A2,3,1,1,43,2,1
2008,4,1,2,29,358,1,A18,4,6,1,38,2,1
2008,4,1,3,29,358,1,A1,8,1,1,28,2,1
2008,4,1,4,29,358,1,A12,2,4,1,38,2,1
2008,4,1,5,29,358,3,C5,11,2,1,48,1,1
2008,4,1,6,29,358,3,C12,14,4,1,43,1,1
2008,4,1,7,29,358,3,C1,4,1,2,28,2,1
2008,4,1,1,29,359,1,A1,8,1,1,28,2,1
2008,4,1,1,29,360,1,A1,8,1,1,28,2,1
2008,4,1,2,29,360,1,A2,3,1,1,43,2,1
2008,4,1,3,29,360,1,A3,3,1,1,72,1,1
2008,4,1,4,29,360,1,A4,3,2,2,38,2,1
2008,4,1,5,29,360,1,A8,3,3,1,62,1,1
2008,4,1,6,29,360,1,A13,1,5,1,28,2,1